url,status_code,error,final_url
https://agathario.github.io/ficArchive/archive/62107414_crimson.html,404,,https://agathario.github.io/ficArchive/archive/62107414_crimson.html
https://agathario.github.io/ficArchive/archive/62269809_youre_awful_i_love_you.html,404,,https://agathario.github.io/ficArchive/archive/62269809_youre_awful_i_love_you.html
https://agathario.github.io/ficArchive/archive/65764210_the_teacher_trap.html,404,,https://agathario.github.io/ficArchive/archive/65764210_the_teacher_trap.html
https://agathario.github.io/ficArchive/archive/65824672_nightmare_of_a_dream.html,404,,https://agathario.github.io/ficArchive/archive/65824672_nightmare_of_a_dream.html
https://agathario.github.io/ficArchive/archive/66656089_the_poison_im_drawn_to.html,404,,https://agathario.github.io/ficArchive/archive/66656089_the_poison_im_drawn_to.html
https://agathario.github.io/ficArchive/archive/67991716_do_i_cross_your_mind.html,404,,https://agathario.github.io/ficArchive/archive/67991716_do_i_cross_your_mind.html
https://agathario.github.io/ficArchive/archive/68983171_would_you_stay_by_my.html,404,,https://agathario.github.io/ficArchive/archive/68983171_would_you_stay_by_my.html
https://agathario.github.io/ficArchive/archive/69039461_rawr_means_i_love_you_in.html,404,,https://agathario.github.io/ficArchive/archive/69039461_rawr_means_i_love_you_in.html
https://agathario.github.io/ficArchive/archive/69250446_i_wanna_be_yoursyoure.html,404,,https://agathario.github.io/ficArchive/archive/69250446_i_wanna_be_yoursyoure.html
https://agathario.github.io/ficArchive/archive/69922756_mirrorball.html,404,,https://agathario.github.io/ficArchive/archive/69922756_mirrorball.html
https://agathario.github.io/ficArchive/archive/70538266_rented_hearts_keep.html,404,,https://agathario.github.io/ficArchive/archive/70538266_rented_hearts_keep.html
https://agathario.github.io/ficArchive/archive/70550446_we_go_again.html,404,,https://agathario.github.io/ficArchive/archive/70550446_we_go_again.html
https://agathario.github.io/ficArchive/archive/75907071_late_night_with_the.html,404,,https://agathario.github.io/ficArchive/archive/75907071_late_night_with_the.html
https://agathario.github.io/ficArchive/archive/77737251_primadonna.html,404,,https://agathario.github.io/ficArchive/archive/77737251_primadonna.html
https://agathario.github.io/ficArchive/archive/77936761_ill_keep_you_safe_you.html,404,,https://agathario.github.io/ficArchive/archive/77936761_ill_keep_you_safe_you.html
https://agathario.github.io/ficArchive/archive/79671146_perfect_catch.html,404,,https://agathario.github.io/ficArchive/archive/79671146_perfect_catch.html
https://agathario.github.io/ficArchive/archive/79774441_i_am_no_mother_i_am_no.html,404,,https://agathario.github.io/ficArchive/archive/79774441_i_am_no_mother_i_am_no.html
https://agathario.github.io/ficArchive/archive/80258711_ri-0.html,404,,https://agathario.github.io/ficArchive/archive/80258711_ri-0.html
https://agathario.github.io/ficArchive/archive/80271671_help_im_alive.html,404,,https://agathario.github.io/ficArchive/archive/80271671_help_im_alive.html
https://agathario.github.io/ficArchive/archive/80705996_too_sweet.html,404,,https://agathario.github.io/ficArchive/archive/80705996_too_sweet.html
https://agathario.github.io/ficArchive/archive/80975496_ibiza.html,404,,https://agathario.github.io/ficArchive/archive/80975496_ibiza.html
https://agathario.github.io/ficArchive/archive/81450586_talk_me_through_it.html,404,,https://agathario.github.io/ficArchive/archive/81450586_talk_me_through_it.html
https://agathario.github.io/ficArchive/archive/82208311_women_like_you_women.html,404,,https://agathario.github.io/ficArchive/archive/82208311_women_like_you_women.html
https://agathario.github.io/ficArchive/archive/82835526_the_promise_of_always.html,404,,https://agathario.github.io/ficArchive/archive/82835526_the_promise_of_always.html
https://agathario.github.io/ficArchive/archive/83001466_turn_them_in_turn_them.html,404,,https://agathario.github.io/ficArchive/archive/83001466_turn_them_in_turn_them.html
https://agathario.github.io/ficArchive/archive/83643571_lost_time.html,404,,https://agathario.github.io/ficArchive/archive/83643571_lost_time.html
https://agathario.github.io/ficArchive/archive/83988876_ill_bring_out_the_worst.html,404,,https://agathario.github.io/ficArchive/archive/83988876_ill_bring_out_the_worst.html
https://agathario.github.io/ficArchive/archive/84248671_all_the_time_in_the.html,404,,https://agathario.github.io/ficArchive/archive/84248671_all_the_time_in_the.html
https://agathario.github.io/ficArchive/archive/84752066_wouldnt_you_love_to_love.html,404,,https://agathario.github.io/ficArchive/archive/84752066_wouldnt_you_love_to_love.html
https://agathario.github.io/ficArchive/archive/59315482_underneath_the_tree.html,200,,https://agathario.github.io/ficArchive/archive/59315482_underneath_the_tree.html
https://agathario.github.io/ficArchive/archive/59672419_its_bloody_and_raw_but_i.html,200,,https://agathario.github.io/ficArchive/archive/59672419_its_bloody_and_raw_but_i.html
https://agathario.github.io/ficArchive/archive/59719738_an_unexpected_visitor.html,200,,https://agathario.github.io/ficArchive/archive/59719738_an_unexpected_visitor.html
https://agathario.github.io/ficArchive/archive/59730688_checkmate.html,200,,https://agathario.github.io/ficArchive/archive/59730688_checkmate.html
https://agathario.github.io/ficArchive/archive/59746492_time_warp.html,200,,https://agathario.github.io/ficArchive/archive/59746492_time_warp.html
https://agathario.github.io/ficArchive/archive/59761162_bitches_i_dont_trust.html,200,,https://agathario.github.io/ficArchive/archive/59761162_bitches_i_dont_trust.html
https://agathario.github.io/ficArchive/archive/59763247_deaths_echo.html,200,,https://agathario.github.io/ficArchive/archive/59763247_deaths_echo.html
https://agathario.github.io/ficArchive/archive/59774080_roses_are_red_orchids.html,200,,https://agathario.github.io/ficArchive/archive/59774080_roses_are_red_orchids.html
https://agathario.github.io/ficArchive/archive/59823169_love_persevering.html,200,,https://agathario.github.io/ficArchive/archive/59823169_love_persevering.html
https://agathario.github.io/ficArchive/archive/59841808_close_enough_for_love.html,200,,https://agathario.github.io/ficArchive/archive/59841808_close_enough_for_love.html
https://agathario.github.io/ficArchive/archive/59884564_the_ethics_of_attraction.html,200,,https://agathario.github.io/ficArchive/archive/59884564_the_ethics_of_attraction.html
https://agathario.github.io/ficArchive/archive/59939713_silver_springs.html,200,,https://agathario.github.io/ficArchive/archive/59939713_silver_springs.html
https://agathario.github.io/ficArchive/archive/59941591_unraveled.html,200,,https://agathario.github.io/ficArchive/archive/59941591_unraveled.html
https://agathario.github.io/ficArchive/archive/59965684_witchcraft_filling_your_void.html,200,,https://agathario.github.io/ficArchive/archive/59965684_witchcraft_filling_your_void.html
https://agathario.github.io/ficArchive/archive/59970673_dearest_agatha.html,200,,https://agathario.github.io/ficArchive/archive/59970673_dearest_agatha.html
https://agathario.github.io/ficArchive/archive/60017602_the_witchy_ceo.html,200,,https://agathario.github.io/ficArchive/archive/60017602_the_witchy_ceo.html
https://agathario.github.io/ficArchive/archive/60045475_a_kingdom_by_the_night.html,200,,https://agathario.github.io/ficArchive/archive/60045475_a_kingdom_by_the_night.html
https://agathario.github.io/ficArchive/archive/60055312_youll_just_have_to_taste.html,200,,https://agathario.github.io/ficArchive/archive/60055312_youll_just_have_to_taste.html
https://agathario.github.io/ficArchive/archive/60133222_heavy_is_the_crown.html,200,,https://agathario.github.io/ficArchive/archive/60133222_heavy_is_the_crown.html
https://agathario.github.io/ficArchive/archive/60137950_all_roads_lead_to_this.html,200,,https://agathario.github.io/ficArchive/archive/60137950_all_roads_lead_to_this.html
https://agathario.github.io/ficArchive/archive/60165511_dont_be_afraid_of_me_im.html,200,,https://agathario.github.io/ficArchive/archive/60165511_dont_be_afraid_of_me_im.html
https://agathario.github.io/ficArchive/archive/60190921_devotion_is_for_fools.html,200,,https://agathario.github.io/ficArchive/archive/60190921_devotion_is_for_fools.html
https://agathario.github.io/ficArchive/archive/60208747_i_looked_to_the_children.html,200,,https://agathario.github.io/ficArchive/archive/60208747_i_looked_to_the_children.html
https://agathario.github.io/ficArchive/archive/60223375_there_is_no_death_for.html,200,,https://agathario.github.io/ficArchive/archive/60223375_there_is_no_death_for.html
https://agathario.github.io/ficArchive/archive/60229678_the_neutral_ground.html,200,,https://agathario.github.io/ficArchive/archive/60229678_the_neutral_ground.html
https://agathario.github.io/ficArchive/archive/60245707_i_could_not_stop_for.html,200,,https://agathario.github.io/ficArchive/archive/60245707_i_could_not_stop_for.html
https://agathario.github.io/ficArchive/archive/60263902_creator_you_destroy_me.html,200,,https://agathario.github.io/ficArchive/archive/60263902_creator_you_destroy_me.html
https://agathario.github.io/ficArchive/archive/60277843_blossoms_and_birds.html,200,,https://agathario.github.io/ficArchive/archive/60277843_blossoms_and_birds.html
https://agathario.github.io/ficArchive/archive/60284353_rios_toxic_embrace.html,200,,https://agathario.github.io/ficArchive/archive/60284353_rios_toxic_embrace.html
https://agathario.github.io/ficArchive/archive/60284566_behind_the_curtain.html,200,,https://agathario.github.io/ficArchive/archive/60284566_behind_the_curtain.html
https://agathario.github.io/ficArchive/archive/60293302_happiest_season.html,200,,https://agathario.github.io/ficArchive/archive/60293302_happiest_season.html
https://agathario.github.io/ficArchive/archive/60307105_when_we_kiss_i_have.html,200,,https://agathario.github.io/ficArchive/archive/60307105_when_we_kiss_i_have.html
https://agathario.github.io/ficArchive/archive/60315637_the_road_twists_and.html,200,,https://agathario.github.io/ficArchive/archive/60315637_the_road_twists_and.html
https://agathario.github.io/ficArchive/archive/60318415_but_i_love_you_just_the.html,200,,https://agathario.github.io/ficArchive/archive/60318415_but_i_love_you_just_the.html
https://agathario.github.io/ficArchive/archive/60328030_the_art_of_keeping_a.html,200,,https://agathario.github.io/ficArchive/archive/60328030_the_art_of_keeping_a.html
https://agathario.github.io/ficArchive/archive/60369481_and_fill_my_blank_page.html,200,,https://agathario.github.io/ficArchive/archive/60369481_and_fill_my_blank_page.html
https://agathario.github.io/ficArchive/archive/60392944_unmoored_by_your.html,200,,https://agathario.github.io/ficArchive/archive/60392944_unmoored_by_your.html
https://agathario.github.io/ficArchive/archive/60415315_im_leaving_here_with_you.html,200,,https://agathario.github.io/ficArchive/archive/60415315_im_leaving_here_with_you.html
https://agathario.github.io/ficArchive/archive/60415588_broken_deal.html,200,,https://agathario.github.io/ficArchive/archive/60415588_broken_deal.html
https://agathario.github.io/ficArchive/archive/60416161_she_gets_the_job_done.html,200,,https://agathario.github.io/ficArchive/archive/60416161_she_gets_the_job_done.html
https://agathario.github.io/ficArchive/archive/60417100_the_scientific_method_of.html,200,,https://agathario.github.io/ficArchive/archive/60417100_the_scientific_method_of.html
https://agathario.github.io/ficArchive/archive/60437284_hopeless_breathless.html,200,,https://agathario.github.io/ficArchive/archive/60437284_hopeless_breathless.html
https://agathario.github.io/ficArchive/archive/60439222_ill_follow_you_down_til.html,200,,https://agathario.github.io/ficArchive/archive/60439222_ill_follow_you_down_til.html
https://agathario.github.io/ficArchive/archive/60444544_giving_my_heart_over_to.html,200,,https://agathario.github.io/ficArchive/archive/60444544_giving_my_heart_over_to.html
https://agathario.github.io/ficArchive/archive/60465982_not_over_dramatic_i_know_what_i_want.html,200,,https://agathario.github.io/ficArchive/archive/60465982_not_over_dramatic_i_know_what_i_want.html
https://agathario.github.io/ficArchive/archive/60466387_in_the_deep_end.html,200,,https://agathario.github.io/ficArchive/archive/60466387_in_the_deep_end.html
https://agathario.github.io/ficArchive/archive/60468748_fold_your_wings.html,200,,https://agathario.github.io/ficArchive/archive/60468748_fold_your_wings.html
https://agathario.github.io/ficArchive/archive/60469915_here_with_you_now.html,200,,https://agathario.github.io/ficArchive/archive/60469915_here_with_you_now.html
https://agathario.github.io/ficArchive/archive/60521194_a_witch_in_salem.html,200,,https://agathario.github.io/ficArchive/archive/60521194_a_witch_in_salem.html
https://agathario.github.io/ficArchive/archive/60532861_she_drives_me_crazy.html,200,,https://agathario.github.io/ficArchive/archive/60532861_she_drives_me_crazy.html
https://agathario.github.io/ficArchive/archive/60538387_disdainfully_hers.html,200,,https://agathario.github.io/ficArchive/archive/60538387_disdainfully_hers.html
https://agathario.github.io/ficArchive/archive/60550129_beneath_the_stars.html,200,,https://agathario.github.io/ficArchive/archive/60550129_beneath_the_stars.html
https://agathario.github.io/ficArchive/archive/60563395_the_way_i_feel_about_you.html,200,,https://agathario.github.io/ficArchive/archive/60563395_the_way_i_feel_about_you.html
https://agathario.github.io/ficArchive/archive/60596422_sugar_and_honey.html,200,,https://agathario.github.io/ficArchive/archive/60596422_sugar_and_honey.html
https://agathario.github.io/ficArchive/archive/60612217_the_peculiar_patient.html,200,,https://agathario.github.io/ficArchive/archive/60612217_the_peculiar_patient.html
https://agathario.github.io/ficArchive/archive/60617758_life_after_love_can_we.html,200,,https://agathario.github.io/ficArchive/archive/60617758_life_after_love_can_we.html
https://agathario.github.io/ficArchive/archive/60631114_candlelight_whispers_me_where_to_go.html,200,,https://agathario.github.io/ficArchive/archive/60631114_candlelight_whispers_me_where_to_go.html
https://agathario.github.io/ficArchive/archive/60667915_you_look_so_pretty_when.html,200,,https://agathario.github.io/ficArchive/archive/60667915_you_look_so_pretty_when.html
https://agathario.github.io/ficArchive/archive/60682354_close_to_you.html,200,,https://agathario.github.io/ficArchive/archive/60682354_close_to_you.html
https://agathario.github.io/ficArchive/archive/60700522_purple_and_green.html,200,,https://agathario.github.io/ficArchive/archive/60700522_purple_and_green.html
https://agathario.github.io/ficArchive/archive/60723781_its_never_quite_as_it.html,200,,https://agathario.github.io/ficArchive/archive/60723781_its_never_quite_as_it.html
https://agathario.github.io/ficArchive/archive/60736594_red_in_claw_red_in_love.html,200,,https://agathario.github.io/ficArchive/archive/60736594_red_in_claw_red_in_love.html
https://agathario.github.io/ficArchive/archive/60738175_youd_have_to_stop_the_world.html,200,,https://agathario.github.io/ficArchive/archive/60738175_youd_have_to_stop_the_world.html
https://agathario.github.io/ficArchive/archive/60738349_theres_no_one_else_who_could_the_only_one_is_you.html,200,,https://agathario.github.io/ficArchive/archive/60738349_theres_no_one_else_who_could_the_only_one_is_you.html
https://agathario.github.io/ficArchive/archive/60739120_for_you_to_be_still.html,200,,https://agathario.github.io/ficArchive/archive/60739120_for_you_to_be_still.html
https://agathario.github.io/ficArchive/archive/60742324_figured_you_out.html,200,,https://agathario.github.io/ficArchive/archive/60742324_figured_you_out.html
https://agathario.github.io/ficArchive/archive/60768184_someday_we_will_all_be.html,200,,https://agathario.github.io/ficArchive/archive/60768184_someday_we_will_all_be.html
https://agathario.github.io/ficArchive/archive/60780265_vidal_books.html,200,,https://agathario.github.io/ficArchive/archive/60780265_vidal_books.html
https://agathario.github.io/ficArchive/archive/60792286_velvet_ring.html,200,,https://agathario.github.io/ficArchive/archive/60792286_velvet_ring.html
https://agathario.github.io/ficArchive/archive/60796456_agathario_fake_dating_au.html,200,,https://agathario.github.io/ficArchive/archive/60796456_agathario_fake_dating_au.html
https://agathario.github.io/ficArchive/archive/60810751_within_reach.html,200,,https://agathario.github.io/ficArchive/archive/60810751_within_reach.html
https://agathario.github.io/ficArchive/archive/60824317_let_loose_your_longing.html,200,,https://agathario.github.io/ficArchive/archive/60824317_let_loose_your_longing.html
https://agathario.github.io/ficArchive/archive/60858487_the_heart_of_death.html,200,,https://agathario.github.io/ficArchive/archive/60858487_the_heart_of_death.html
https://agathario.github.io/ficArchive/archive/60865297_just_between_us_did_the.html,200,,https://agathario.github.io/ficArchive/archive/60865297_just_between_us_did_the.html
https://agathario.github.io/ficArchive/archive/60901915_naughty_nice.html,200,,https://agathario.github.io/ficArchive/archive/60901915_naughty_nice.html
https://agathario.github.io/ficArchive/archive/60961120_til_storm_breaks_loose.html,200,,https://agathario.github.io/ficArchive/archive/60961120_til_storm_breaks_loose.html
https://agathario.github.io/ficArchive/archive/60984145_my_side_of_the_story.html,200,,https://agathario.github.io/ficArchive/archive/60984145_my_side_of_the_story.html
https://agathario.github.io/ficArchive/archive/61063744_my_love_mine_all_mine.html,200,,https://agathario.github.io/ficArchive/archive/61063744_my_love_mine_all_mine.html
https://agathario.github.io/ficArchive/archive/61077781_unsatisfied_i_skip_my.html,200,,https://agathario.github.io/ficArchive/archive/61077781_unsatisfied_i_skip_my.html
https://agathario.github.io/ficArchive/archive/61081831_roommates_of_destruction.html,200,,https://agathario.github.io/ficArchive/archive/61081831_roommates_of_destruction.html
https://agathario.github.io/ficArchive/archive/61125523_at_the_still_point_of_the_turning_world.html,200,,https://agathario.github.io/ficArchive/archive/61125523_at_the_still_point_of_the_turning_world.html
https://agathario.github.io/ficArchive/archive/61126990_my_boy_builds_coffins.html,200,,https://agathario.github.io/ficArchive/archive/61126990_my_boy_builds_coffins.html
https://agathario.github.io/ficArchive/archive/61154881_roster.html,200,,https://agathario.github.io/ficArchive/archive/61154881_roster.html
https://agathario.github.io/ficArchive/archive/61180354_decemberism.html,200,,https://agathario.github.io/ficArchive/archive/61180354_decemberism.html
https://agathario.github.io/ficArchive/archive/61208161_exceptions.html,200,,https://agathario.github.io/ficArchive/archive/61208161_exceptions.html
https://agathario.github.io/ficArchive/archive/61208620_five_seconds.html,200,,https://agathario.github.io/ficArchive/archive/61208620_five_seconds.html
https://agathario.github.io/ficArchive/archive/61209526_the_gold_and_the_rust.html,200,,https://agathario.github.io/ficArchive/archive/61209526_the_gold_and_the_rust.html
https://agathario.github.io/ficArchive/archive/61245343_unlock_thy_hidden_gate.html,200,,https://agathario.github.io/ficArchive/archive/61245343_unlock_thy_hidden_gate.html
https://agathario.github.io/ficArchive/archive/61254514_itll_all_work_out.html,200,,https://agathario.github.io/ficArchive/archive/61254514_itll_all_work_out.html
https://agathario.github.io/ficArchive/archive/61259392_heart_beats_like_a_drummer.html,200,,https://agathario.github.io/ficArchive/archive/61259392_heart_beats_like_a_drummer.html
https://agathario.github.io/ficArchive/archive/61263814_the_world_reversed.html,200,,https://agathario.github.io/ficArchive/archive/61263814_the_world_reversed.html
https://agathario.github.io/ficArchive/archive/61280764_love_politics.html,200,,https://agathario.github.io/ficArchive/archive/61280764_love_politics.html
https://agathario.github.io/ficArchive/archive/61345132_meetcute.html,200,,https://agathario.github.io/ficArchive/archive/61345132_meetcute.html
https://agathario.github.io/ficArchive/archive/61373383_mandevillas.html,200,,https://agathario.github.io/ficArchive/archive/61373383_mandevillas.html
https://agathario.github.io/ficArchive/archive/61401928_amor_prohibido.html,200,,https://agathario.github.io/ficArchive/archive/61401928_amor_prohibido.html
https://agathario.github.io/ficArchive/archive/61403194_kaleidoscope.html,200,,https://agathario.github.io/ficArchive/archive/61403194_kaleidoscope.html
https://agathario.github.io/ficArchive/archive/61419481_merry_christmas_i_think.html,200,,https://agathario.github.io/ficArchive/archive/61419481_merry_christmas_i_think.html
https://agathario.github.io/ficArchive/archive/61448059_immovable_object.html,200,,https://agathario.github.io/ficArchive/archive/61448059_immovable_object.html
https://agathario.github.io/ficArchive/archive/61474507_the_holiday.html,200,,https://agathario.github.io/ficArchive/archive/61474507_the_holiday.html
https://agathario.github.io/ficArchive/archive/61496449_let_go.html,200,,https://agathario.github.io/ficArchive/archive/61496449_let_go.html
https://agathario.github.io/ficArchive/archive/61554538_my_safeword_is_safeword.html,200,,https://agathario.github.io/ficArchive/archive/61554538_my_safeword_is_safeword.html
https://agathario.github.io/ficArchive/archive/61598443_what_if_its_not_meant.html,200,,https://agathario.github.io/ficArchive/archive/61598443_what_if_its_not_meant.html
https://agathario.github.io/ficArchive/archive/61599598_if_this_was_a_movie.html,200,,https://agathario.github.io/ficArchive/archive/61599598_if_this_was_a_movie.html
https://agathario.github.io/ficArchive/archive/61614124_i_will_wait_up_for_you_dear.html,200,,https://agathario.github.io/ficArchive/archive/61614124_i_will_wait_up_for_you_dear.html
https://agathario.github.io/ficArchive/archive/61642021_red_thread_of_fate.html,200,,https://agathario.github.io/ficArchive/archive/61642021_red_thread_of_fate.html
https://agathario.github.io/ficArchive/archive/61650106_for_you_i_would_cross.html,200,,https://agathario.github.io/ficArchive/archive/61650106_for_you_i_would_cross.html
https://agathario.github.io/ficArchive/archive/61712359_thirst_trap.html,200,,https://agathario.github.io/ficArchive/archive/61712359_thirst_trap.html
https://agathario.github.io/ficArchive/archive/61733836_i_was_your_starry_eyed_lover_and_the_one_that_you.html,200,,https://agathario.github.io/ficArchive/archive/61733836_i_was_your_starry_eyed_lover_and_the_one_that_you.html
https://agathario.github.io/ficArchive/archive/61800187_care_of.html,200,,https://agathario.github.io/ficArchive/archive/61800187_care_of.html
https://agathario.github.io/ficArchive/archive/61814836_the_thread_of_fate.html,200,,https://agathario.github.io/ficArchive/archive/61814836_the_thread_of_fate.html
https://agathario.github.io/ficArchive/archive/61820164_summa_cum_laude.html,200,,https://agathario.github.io/ficArchive/archive/61820164_summa_cum_laude.html
https://agathario.github.io/ficArchive/archive/61850398_high_infidelity.html,200,,https://agathario.github.io/ficArchive/archive/61850398_high_infidelity.html
https://agathario.github.io/ficArchive/archive/61917550_the_bad_thing.html,200,,https://agathario.github.io/ficArchive/archive/61917550_the_bad_thing.html
https://agathario.github.io/ficArchive/archive/61961998_firewatch.html,200,,https://agathario.github.io/ficArchive/archive/61961998_firewatch.html
https://agathario.github.io/ficArchive/archive/62024398_somewhere_only_we_know_a.html,200,,https://agathario.github.io/ficArchive/archive/62024398_somewhere_only_we_know_a.html
https://agathario.github.io/ficArchive/archive/62078056_everybody_knows_that_im.html,200,,https://agathario.github.io/ficArchive/archive/62078056_everybody_knows_that_im.html
https://agathario.github.io/ficArchive/archive/62082778_scherzo.html,200,,https://agathario.github.io/ficArchive/archive/62082778_scherzo.html
https://agathario.github.io/ficArchive/archive/62134987_love_is_a_witch.html,200,,https://agathario.github.io/ficArchive/archive/62134987_love_is_a_witch.html
https://agathario.github.io/ficArchive/archive/62152813_where_we_belong.html,200,,https://agathario.github.io/ficArchive/archive/62152813_where_we_belong.html
https://agathario.github.io/ficArchive/archive/62180950_crescendo.html,200,,https://agathario.github.io/ficArchive/archive/62180950_crescendo.html
https://agathario.github.io/ficArchive/archive/62195077_im_sorry_i_love_you.html,200,,https://agathario.github.io/ficArchive/archive/62195077_im_sorry_i_love_you.html
https://agathario.github.io/ficArchive/archive/62248085_so_my_mother-in-law_is.html,200,,https://agathario.github.io/ficArchive/archive/62248085_so_my_mother-in-law_is.html
https://agathario.github.io/ficArchive/archive/62255211_what_a_night.html,200,,https://agathario.github.io/ficArchive/archive/62255211_what_a_night.html
https://agathario.github.io/ficArchive/archive/62265849_all_half_things.html,200,,https://agathario.github.io/ficArchive/archive/62265849_all_half_things.html
https://agathario.github.io/ficArchive/archive/62267089_one_way_or_another.html,200,,https://agathario.github.io/ficArchive/archive/62267089_one_way_or_another.html
https://agathario.github.io/ficArchive/archive/62291035_blood_in_the_water_everyone_wants_her.html,200,,https://agathario.github.io/ficArchive/archive/62291035_blood_in_the_water_everyone_wants_her.html
https://agathario.github.io/ficArchive/archive/62313307_adagietto.html,200,,https://agathario.github.io/ficArchive/archive/62313307_adagietto.html
https://agathario.github.io/ficArchive/archive/62325949_like_a_hurricane.html,200,,https://agathario.github.io/ficArchive/archive/62325949_like_a_hurricane.html
https://agathario.github.io/ficArchive/archive/62356414_if_youre_not_falling.html,200,,https://agathario.github.io/ficArchive/archive/62356414_if_youre_not_falling.html
https://agathario.github.io/ficArchive/archive/62368990_written_in_the_stars.html,200,,https://agathario.github.io/ficArchive/archive/62368990_written_in_the_stars.html
https://agathario.github.io/ficArchive/archive/62385640_want_take_have.html,200,,https://agathario.github.io/ficArchive/archive/62385640_want_take_have.html
https://agathario.github.io/ficArchive/archive/62417317_albatross.html,200,,https://agathario.github.io/ficArchive/archive/62417317_albatross.html
https://agathario.github.io/ficArchive/archive/62421946_sex_love_unholy_truth.html,200,,https://agathario.github.io/ficArchive/archive/62421946_sex_love_unholy_truth.html
https://agathario.github.io/ficArchive/archive/62486611_if_we_stay_swimming_here.html,200,,https://agathario.github.io/ficArchive/archive/62486611_if_we_stay_swimming_here.html
https://agathario.github.io/ficArchive/archive/62503864_well_i_wonder.html,200,,https://agathario.github.io/ficArchive/archive/62503864_well_i_wonder.html
https://agathario.github.io/ficArchive/archive/62507077_put_your_fangs_in_me.html,200,,https://agathario.github.io/ficArchive/archive/62507077_put_your_fangs_in_me.html
https://agathario.github.io/ficArchive/archive/62535538_glitter_glue_and_signs_of_life.html,200,,https://agathario.github.io/ficArchive/archive/62535538_glitter_glue_and_signs_of_life.html
https://agathario.github.io/ficArchive/archive/62546668_wicked_witchcraft.html,200,,https://agathario.github.io/ficArchive/archive/62546668_wicked_witchcraft.html
https://agathario.github.io/ficArchive/archive/62585464_mrs_ampamp_mrs_harknessvidal.html,200,,https://agathario.github.io/ficArchive/archive/62585464_mrs_ampamp_mrs_harknessvidal.html
https://agathario.github.io/ficArchive/archive/62589532_harkness.html,200,,https://agathario.github.io/ficArchive/archive/62589532_harkness.html
https://agathario.github.io/ficArchive/archive/62591797_time_in_a_bottle.html,200,,https://agathario.github.io/ficArchive/archive/62591797_time_in_a_bottle.html
https://agathario.github.io/ficArchive/archive/62592292_take_it_from_the_top_you.html,200,,https://agathario.github.io/ficArchive/archive/62592292_take_it_from_the_top_you.html
https://agathario.github.io/ficArchive/archive/62615323_questions.html,200,,https://agathario.github.io/ficArchive/archive/62615323_questions.html
https://agathario.github.io/ficArchive/archive/62675485_get_you_where_you_wanna.html,200,,https://agathario.github.io/ficArchive/archive/62675485_get_you_where_you_wanna.html
https://agathario.github.io/ficArchive/archive/62682502_love_is_a_four_letter_word.html,200,,https://agathario.github.io/ficArchive/archive/62682502_love_is_a_four_letter_word.html
https://agathario.github.io/ficArchive/archive/62737456_not_my_type.html,200,,https://agathario.github.io/ficArchive/archive/62737456_not_my_type.html
https://agathario.github.io/ficArchive/archive/62739748_luminous.html,200,,https://agathario.github.io/ficArchive/archive/62739748_luminous.html
https://agathario.github.io/ficArchive/archive/62832373_if_i_cant_reach_you_let.html,200,,https://agathario.github.io/ficArchive/archive/62832373_if_i_cant_reach_you_let.html
https://agathario.github.io/ficArchive/archive/62837335_the_time_it_takes_to_let_go.html,200,,https://agathario.github.io/ficArchive/archive/62837335_the_time_it_takes_to_let_go.html
https://agathario.github.io/ficArchive/archive/62841521_for_the_love_of_spring.html,200,,https://agathario.github.io/ficArchive/archive/62841521_for_the_love_of_spring.html
https://agathario.github.io/ficArchive/archive/62861993_my_cries_and_your_whispers.html,200,,https://agathario.github.io/ficArchive/archive/62861993_my_cries_and_your_whispers.html
https://agathario.github.io/ficArchive/archive/62925352_is_it_casual_now.html,200,,https://agathario.github.io/ficArchive/archive/62925352_is_it_casual_now.html
https://agathario.github.io/ficArchive/archive/62935369_love_offline.html,200,,https://agathario.github.io/ficArchive/archive/62935369_love_offline.html
https://agathario.github.io/ficArchive/archive/62959210_power_play.html,200,,https://agathario.github.io/ficArchive/archive/62959210_power_play.html
https://agathario.github.io/ficArchive/archive/62975017_how_many_corners_do_i.html,200,,https://agathario.github.io/ficArchive/archive/62975017_how_many_corners_do_i.html
https://agathario.github.io/ficArchive/archive/63026209_ban_all_the_music.html,200,,https://agathario.github.io/ficArchive/archive/63026209_ban_all_the_music.html
https://agathario.github.io/ficArchive/archive/63046258_talk_some_sense_to_me.html,200,,https://agathario.github.io/ficArchive/archive/63046258_talk_some_sense_to_me.html
https://agathario.github.io/ficArchive/archive/63144823_night_verses.html,200,,https://agathario.github.io/ficArchive/archive/63144823_night_verses.html
https://agathario.github.io/ficArchive/archive/63145963_its_strictly_business.html,200,,https://agathario.github.io/ficArchive/archive/63145963_its_strictly_business.html
https://agathario.github.io/ficArchive/archive/63196099_take_it_easy.html,200,,https://agathario.github.io/ficArchive/archive/63196099_take_it_easy.html
https://agathario.github.io/ficArchive/archive/63212776_inexplicable.html,200,,https://agathario.github.io/ficArchive/archive/63212776_inexplicable.html
https://agathario.github.io/ficArchive/archive/63244063_catch_me_when_i_fall_for.html,200,,https://agathario.github.io/ficArchive/archive/63244063_catch_me_when_i_fall_for.html
https://agathario.github.io/ficArchive/archive/63293833_scratch_an_itch.html,200,,https://agathario.github.io/ficArchive/archive/63293833_scratch_an_itch.html
https://agathario.github.io/ficArchive/archive/63309742_guilty_as_sin.html,200,,https://agathario.github.io/ficArchive/archive/63309742_guilty_as_sin.html
https://agathario.github.io/ficArchive/archive/63343102_wicked_game.html,200,,https://agathario.github.io/ficArchive/archive/63343102_wicked_game.html
https://agathario.github.io/ficArchive/archive/63349309_now_we_drop_our_composure.html,200,,https://agathario.github.io/ficArchive/archive/63349309_now_we_drop_our_composure.html
https://agathario.github.io/ficArchive/archive/63360778_all_the_things_we_could_do.html,200,,https://agathario.github.io/ficArchive/archive/63360778_all_the_things_we_could_do.html
https://agathario.github.io/ficArchive/archive/63384415_rio_vidal_does_not_give.html,200,,https://agathario.github.io/ficArchive/archive/63384415_rio_vidal_does_not_give.html
https://agathario.github.io/ficArchive/archive/63423910_its_just_in_my_nature.html,200,,https://agathario.github.io/ficArchive/archive/63423910_its_just_in_my_nature.html
https://agathario.github.io/ficArchive/archive/63442861_what_if_my_heart_belongs.html,200,,https://agathario.github.io/ficArchive/archive/63442861_what_if_my_heart_belongs.html
https://agathario.github.io/ficArchive/archive/63473356_accidental_add.html,200,,https://agathario.github.io/ficArchive/archive/63473356_accidental_add.html
https://agathario.github.io/ficArchive/archive/63543898_a_tentative_ellipsis_the.html,200,,https://agathario.github.io/ficArchive/archive/63543898_a_tentative_ellipsis_the.html
https://agathario.github.io/ficArchive/archive/63598684_second_chances.html,200,,https://agathario.github.io/ficArchive/archive/63598684_second_chances.html
https://agathario.github.io/ficArchive/archive/63616156_when_heartbreak_meets.html,200,,https://agathario.github.io/ficArchive/archive/63616156_when_heartbreak_meets.html
https://agathario.github.io/ficArchive/archive/63637597_the_space_between_notes.html,200,,https://agathario.github.io/ficArchive/archive/63637597_the_space_between_notes.html
https://agathario.github.io/ficArchive/archive/63638671_number_13.html,200,,https://agathario.github.io/ficArchive/archive/63638671_number_13.html
https://agathario.github.io/ficArchive/archive/63639295_the_best_medicine.html,200,,https://agathario.github.io/ficArchive/archive/63639295_the_best_medicine.html
https://agathario.github.io/ficArchive/archive/63647167_all_the_time_in_the_world.html,200,,https://agathario.github.io/ficArchive/archive/63647167_all_the_time_in_the_world.html
https://agathario.github.io/ficArchive/archive/63694918_i_wonder_which_cup_youll.html,200,,https://agathario.github.io/ficArchive/archive/63694918_i_wonder_which_cup_youll.html
https://agathario.github.io/ficArchive/archive/63772108_i_still_shut_my_eyes.html,200,,https://agathario.github.io/ficArchive/archive/63772108_i_still_shut_my_eyes.html
https://agathario.github.io/ficArchive/archive/63813619_we_found_each_other_in.html,200,,https://agathario.github.io/ficArchive/archive/63813619_we_found_each_other_in.html
https://agathario.github.io/ficArchive/archive/63873262_the_tales_of_new_salem.html,200,,https://agathario.github.io/ficArchive/archive/63873262_the_tales_of_new_salem.html
https://agathario.github.io/ficArchive/archive/63879877_why_dont_you_want_me.html,200,,https://agathario.github.io/ficArchive/archive/63879877_why_dont_you_want_me.html
https://agathario.github.io/ficArchive/archive/63911329_we_dont_fit_in_the_grand_design.html,200,,https://agathario.github.io/ficArchive/archive/63911329_we_dont_fit_in_the_grand_design.html
https://agathario.github.io/ficArchive/archive/63967093_ask_me_nicely_from_your_knees.html,200,,https://agathario.github.io/ficArchive/archive/63967093_ask_me_nicely_from_your_knees.html
https://agathario.github.io/ficArchive/archive/63986338_chance_to_fix.html,200,,https://agathario.github.io/ficArchive/archive/63986338_chance_to_fix.html
https://agathario.github.io/ficArchive/archive/63999277_reaching_out_for_more.html,200,,https://agathario.github.io/ficArchive/archive/63999277_reaching_out_for_more.html
https://agathario.github.io/ficArchive/archive/64036210_cant_be_a_good_girl_even.html,200,,https://agathario.github.io/ficArchive/archive/64036210_cant_be_a_good_girl_even.html
https://agathario.github.io/ficArchive/archive/64068667_cause_nobody_knows_you_better.html,200,,https://agathario.github.io/ficArchive/archive/64068667_cause_nobody_knows_you_better.html
https://agathario.github.io/ficArchive/archive/64133626_honey_youre_familiar.html,200,,https://agathario.github.io/ficArchive/archive/64133626_honey_youre_familiar.html
https://agathario.github.io/ficArchive/archive/64167130_illicit_affairs.html,200,,https://agathario.github.io/ficArchive/archive/64167130_illicit_affairs.html
https://agathario.github.io/ficArchive/archive/64176607_whos_going_to_tell_me_no.html,200,,https://agathario.github.io/ficArchive/archive/64176607_whos_going_to_tell_me_no.html
https://agathario.github.io/ficArchive/archive/64272802_feel_the_love_of_her.html,200,,https://agathario.github.io/ficArchive/archive/64272802_feel_the_love_of_her.html
https://agathario.github.io/ficArchive/archive/64291306_pushing_it_down_and.html,200,,https://agathario.github.io/ficArchive/archive/64291306_pushing_it_down_and.html
https://agathario.github.io/ficArchive/archive/64491997_ill_be_your_distraction.html,200,,https://agathario.github.io/ficArchive/archive/64491997_ill_be_your_distraction.html
https://agathario.github.io/ficArchive/archive/64539574_god_knows_you_need_it.html,200,,https://agathario.github.io/ficArchive/archive/64539574_god_knows_you_need_it.html
https://agathario.github.io/ficArchive/archive/64543360_she_looks_like_the_real.html,200,,https://agathario.github.io/ficArchive/archive/64543360_she_looks_like_the_real.html
https://agathario.github.io/ficArchive/archive/64573144_i_tore_you_apart_in_my_head.html,200,,https://agathario.github.io/ficArchive/archive/64573144_i_tore_you_apart_in_my_head.html
https://agathario.github.io/ficArchive/archive/64578517_how_it_started.html,200,,https://agathario.github.io/ficArchive/archive/64578517_how_it_started.html
https://agathario.github.io/ficArchive/archive/64589716_but_we_cant.html,200,,https://agathario.github.io/ficArchive/archive/64589716_but_we_cant.html
https://agathario.github.io/ficArchive/archive/64606348_god_is_a_woman.html,200,,https://agathario.github.io/ficArchive/archive/64606348_god_is_a_woman.html
https://agathario.github.io/ficArchive/archive/64617655_beneath_the_scars.html,200,,https://agathario.github.io/ficArchive/archive/64617655_beneath_the_scars.html
https://agathario.github.io/ficArchive/archive/64656664_the_case_of_the_robbery_gone_wrong.html,200,,https://agathario.github.io/ficArchive/archive/64656664_the_case_of_the_robbery_gone_wrong.html
https://agathario.github.io/ficArchive/archive/64663663_tempus_voluntas_spatium.html,200,,https://agathario.github.io/ficArchive/archive/64663663_tempus_voluntas_spatium.html
https://agathario.github.io/ficArchive/archive/64684756_falling_for_the_enemy.html,200,,https://agathario.github.io/ficArchive/archive/64684756_falling_for_the_enemy.html
https://agathario.github.io/ficArchive/archive/64714843_five_days_four_nights.html,200,,https://agathario.github.io/ficArchive/archive/64714843_five_days_four_nights.html
https://agathario.github.io/ficArchive/archive/64778476_by_blood_and_bloom.html,200,,https://agathario.github.io/ficArchive/archive/64778476_by_blood_and_bloom.html
https://agathario.github.io/ficArchive/archive/64803190_astonishment_and_joy.html,200,,https://agathario.github.io/ficArchive/archive/64803190_astonishment_and_joy.html
https://agathario.github.io/ficArchive/archive/64807855_in_the_shadows_of_the.html,200,,https://agathario.github.io/ficArchive/archive/64807855_in_the_shadows_of_the.html
https://agathario.github.io/ficArchive/archive/64835218_udon_know_how_much_i_crave_you.html,200,,https://agathario.github.io/ficArchive/archive/64835218_udon_know_how_much_i_crave_you.html
https://agathario.github.io/ficArchive/archive/64844032_garden_of_eden.html,200,,https://agathario.github.io/ficArchive/archive/64844032_garden_of_eden.html
https://agathario.github.io/ficArchive/archive/64941802_work_and_play_ball.html,200,,https://agathario.github.io/ficArchive/archive/64941802_work_and_play_ball.html
https://agathario.github.io/ficArchive/archive/64985122_the_heat_is_on.html,200,,https://agathario.github.io/ficArchive/archive/64985122_the_heat_is_on.html
https://agathario.github.io/ficArchive/archive/65003722_i_dont_care_that_youre_a.html,200,,https://agathario.github.io/ficArchive/archive/65003722_i_dont_care_that_youre_a.html
https://agathario.github.io/ficArchive/archive/65056900_ill_be_your_garbage_man.html,200,,https://agathario.github.io/ficArchive/archive/65056900_ill_be_your_garbage_man.html
https://agathario.github.io/ficArchive/archive/65129329_rented_hearts.html,200,,https://agathario.github.io/ficArchive/archive/65129329_rented_hearts.html
https://agathario.github.io/ficArchive/archive/65243767_green_is_the_colour_of_her_kind.html,200,,https://agathario.github.io/ficArchive/archive/65243767_green_is_the_colour_of_her_kind.html
https://agathario.github.io/ficArchive/archive/65268397_night_shift.html,200,,https://agathario.github.io/ficArchive/archive/65268397_night_shift.html
https://agathario.github.io/ficArchive/archive/65301250_obsessed.html,200,,https://agathario.github.io/ficArchive/archive/65301250_obsessed.html
https://agathario.github.io/ficArchive/archive/65426791_baby_its_fate_not_luck.html,200,,https://agathario.github.io/ficArchive/archive/65426791_baby_its_fate_not_luck.html
https://agathario.github.io/ficArchive/archive/65451649_she_depends_on_you.html,200,,https://agathario.github.io/ficArchive/archive/65451649_she_depends_on_you.html
https://agathario.github.io/ficArchive/archive/65476798_family_line.html,200,,https://agathario.github.io/ficArchive/archive/65476798_family_line.html
https://agathario.github.io/ficArchive/archive/65557984_ill_hear_you_even_when_you_cant_speak.html,200,,https://agathario.github.io/ficArchive/archive/65557984_ill_hear_you_even_when_you_cant_speak.html
https://agathario.github.io/ficArchive/archive/65671351_the_devil_you_know.html,200,,https://agathario.github.io/ficArchive/archive/65671351_the_devil_you_know.html
https://agathario.github.io/ficArchive/archive/65671972_agatha_all_along_week.html,200,,https://agathario.github.io/ficArchive/archive/65671972_agatha_all_along_week.html
https://agathario.github.io/ficArchive/archive/65679964_and_well_be_together.html,200,,https://agathario.github.io/ficArchive/archive/65679964_and_well_be_together.html
https://agathario.github.io/ficArchive/archive/65690266_certified_pre-owned.html,200,,https://agathario.github.io/ficArchive/archive/65690266_certified_pre-owned.html
https://agathario.github.io/ficArchive/archive/65696449_waste_the_night.html,200,,https://agathario.github.io/ficArchive/archive/65696449_waste_the_night.html
https://agathario.github.io/ficArchive/archive/65697490_i_now_pronounce_you.html,200,,https://agathario.github.io/ficArchive/archive/65697490_i_now_pronounce_you.html
https://agathario.github.io/ficArchive/archive/65706430_you_make_loving_fun.html,200,,https://agathario.github.io/ficArchive/archive/65706430_you_make_loving_fun.html
https://agathario.github.io/ficArchive/archive/65710069_cool_about_it.html,200,,https://agathario.github.io/ficArchive/archive/65710069_cool_about_it.html
https://agathario.github.io/ficArchive/archive/65730280_a_new_fangled_feeling.html,200,,https://agathario.github.io/ficArchive/archive/65730280_a_new_fangled_feeling.html
https://agathario.github.io/ficArchive/archive/65733055_blade_of_grass.html,200,,https://agathario.github.io/ficArchive/archive/65733055_blade_of_grass.html
https://agathario.github.io/ficArchive/archive/65733829_juxtaposition_in_fate.html,200,,https://agathario.github.io/ficArchive/archive/65733829_juxtaposition_in_fate.html
https://agathario.github.io/ficArchive/archive/65740978_let_me_wrap_my_teeth.html,200,,https://agathario.github.io/ficArchive/archive/65740978_let_me_wrap_my_teeth.html
https://agathario.github.io/ficArchive/archive/65761876_love_me_tender.html,200,,https://agathario.github.io/ficArchive/archive/65761876_love_me_tender.html
https://agathario.github.io/ficArchive/archive/65781208_this_time_you_wont_leave.html,200,,https://agathario.github.io/ficArchive/archive/65781208_this_time_you_wont_leave.html
https://agathario.github.io/ficArchive/archive/65781856_just_hold_on.html,200,,https://agathario.github.io/ficArchive/archive/65781856_just_hold_on.html
https://agathario.github.io/ficArchive/archive/65811607_ill_give_what_i_get.html,200,,https://agathario.github.io/ficArchive/archive/65811607_ill_give_what_i_get.html
https://agathario.github.io/ficArchive/archive/65819008_kiss_my_petals_weave_me.html,200,,https://agathario.github.io/ficArchive/archive/65819008_kiss_my_petals_weave_me.html
https://agathario.github.io/ficArchive/archive/65825197_its_bloody_and_raw_but_i.html,200,,https://agathario.github.io/ficArchive/archive/65825197_its_bloody_and_raw_but_i.html
https://agathario.github.io/ficArchive/archive/65827327_bewitched.html,200,,https://agathario.github.io/ficArchive/archive/65827327_bewitched.html
https://agathario.github.io/ficArchive/archive/65829805_dea_pascit_corvos.html,200,,https://agathario.github.io/ficArchive/archive/65829805_dea_pascit_corvos.html
https://agathario.github.io/ficArchive/archive/65873035_im_yours.html,200,,https://agathario.github.io/ficArchive/archive/65873035_im_yours.html
https://agathario.github.io/ficArchive/archive/65882953_a_drunken_menace.html,200,,https://agathario.github.io/ficArchive/archive/65882953_a_drunken_menace.html
https://agathario.github.io/ficArchive/archive/65886910_a_refusal_of_endings.html,200,,https://agathario.github.io/ficArchive/archive/65886910_a_refusal_of_endings.html
https://agathario.github.io/ficArchive/archive/65895589_the_dare.html,200,,https://agathario.github.io/ficArchive/archive/65895589_the_dare.html
https://agathario.github.io/ficArchive/archive/66081787_oh_the_sunlit_haze.html,200,,https://agathario.github.io/ficArchive/archive/66081787_oh_the_sunlit_haze.html
https://agathario.github.io/ficArchive/archive/66087052_you_may_not_be_mine_but.html,200,,https://agathario.github.io/ficArchive/archive/66087052_you_may_not_be_mine_but.html
https://agathario.github.io/ficArchive/archive/66106753_bound_by_oath_undone_by.html,200,,https://agathario.github.io/ficArchive/archive/66106753_bound_by_oath_undone_by.html
https://agathario.github.io/ficArchive/archive/66114247_bush_league.html,200,,https://agathario.github.io/ficArchive/archive/66114247_bush_league.html
https://agathario.github.io/ficArchive/archive/66234415_where_art_thou_why_not.html,200,,https://agathario.github.io/ficArchive/archive/66234415_where_art_thou_why_not.html
https://agathario.github.io/ficArchive/archive/66257017_the_beach_house.html,200,,https://agathario.github.io/ficArchive/archive/66257017_the_beach_house.html
https://agathario.github.io/ficArchive/archive/66258856_i_follow_your_perfume.html,200,,https://agathario.github.io/ficArchive/archive/66258856_i_follow_your_perfume.html
https://agathario.github.io/ficArchive/archive/66314887_wrong_number.html,200,,https://agathario.github.io/ficArchive/archive/66314887_wrong_number.html
https://agathario.github.io/ficArchive/archive/66586843_eight.html,200,,https://agathario.github.io/ficArchive/archive/66586843_eight.html
https://agathario.github.io/ficArchive/archive/66675667_youll_find_me_on_my.html,200,,https://agathario.github.io/ficArchive/archive/66675667_youll_find_me_on_my.html
https://agathario.github.io/ficArchive/archive/66676834_what_to_do_when_you_are_dead.html,200,,https://agathario.github.io/ficArchive/archive/66676834_what_to_do_when_you_are_dead.html
https://agathario.github.io/ficArchive/archive/66783133_that_which_is_not_common.html,200,,https://agathario.github.io/ficArchive/archive/66783133_that_which_is_not_common.html
https://agathario.github.io/ficArchive/archive/66895519_harkness_pathology.html,200,,https://agathario.github.io/ficArchive/archive/66895519_harkness_pathology.html
https://agathario.github.io/ficArchive/archive/66930835_theres_something_just_a.html,200,,https://agathario.github.io/ficArchive/archive/66930835_theres_something_just_a.html
https://agathario.github.io/ficArchive/archive/66937096_what_a_terrifying_work.html,200,,https://agathario.github.io/ficArchive/archive/66937096_what_a_terrifying_work.html
https://agathario.github.io/ficArchive/archive/67054015_you_got_me_looking_so.html,200,,https://agathario.github.io/ficArchive/archive/67054015_you_got_me_looking_so.html
https://agathario.github.io/ficArchive/archive/67106170_over_a_bridge_and_into_love.html,200,,https://agathario.github.io/ficArchive/archive/67106170_over_a_bridge_and_into_love.html
https://agathario.github.io/ficArchive/archive/67106680_stay_small.html,200,,https://agathario.github.io/ficArchive/archive/67106680_stay_small.html
https://agathario.github.io/ficArchive/archive/67126099_going_viral.html,200,,https://agathario.github.io/ficArchive/archive/67126099_going_viral.html
https://agathario.github.io/ficArchive/archive/67155280_start_me_up.html,200,,https://agathario.github.io/ficArchive/archive/67155280_start_me_up.html
https://agathario.github.io/ficArchive/archive/67222777_oh_but_she_burns.html,200,,https://agathario.github.io/ficArchive/archive/67222777_oh_but_she_burns.html
https://agathario.github.io/ficArchive/archive/67250692_you_arent_mine_for_the.html,200,,https://agathario.github.io/ficArchive/archive/67250692_you_arent_mine_for_the.html
https://agathario.github.io/ficArchive/archive/67291498_meet_me_at_the_end.html,200,,https://agathario.github.io/ficArchive/archive/67291498_meet_me_at_the_end.html
https://agathario.github.io/ficArchive/archive/67383873_secrets_suspenders.html,200,,https://agathario.github.io/ficArchive/archive/67383873_secrets_suspenders.html
https://agathario.github.io/ficArchive/archive/67661881_the_road_not_taken_among.html,200,,https://agathario.github.io/ficArchive/archive/67661881_the_road_not_taken_among.html
https://agathario.github.io/ficArchive/archive/67739596_between_the_flames_and.html,200,,https://agathario.github.io/ficArchive/archive/67739596_between_the_flames_and.html
https://agathario.github.io/ficArchive/archive/67757766_were_never_done.html,200,,https://agathario.github.io/ficArchive/archive/67757766_were_never_done.html
https://agathario.github.io/ficArchive/archive/67826836_wanna_take_a_chance.html,200,,https://agathario.github.io/ficArchive/archive/67826836_wanna_take_a_chance.html
https://agathario.github.io/ficArchive/archive/67834796_your_kiss_got_me_hoping.html,200,,https://agathario.github.io/ficArchive/archive/67834796_your_kiss_got_me_hoping.html
https://agathario.github.io/ficArchive/archive/67969351_alambre_pua.html,200,,https://agathario.github.io/ficArchive/archive/67969351_alambre_pua.html
https://agathario.github.io/ficArchive/archive/68055376_rios_instagram.html,200,,https://agathario.github.io/ficArchive/archive/68055376_rios_instagram.html
https://agathario.github.io/ficArchive/archive/68063521_what_the_body_knows.html,200,,https://agathario.github.io/ficArchive/archive/68063521_what_the_body_knows.html
https://agathario.github.io/ficArchive/archive/68695086_the_witch_and_the_wolf.html,200,,https://agathario.github.io/ficArchive/archive/68695086_the_witch_and_the_wolf.html
https://agathario.github.io/ficArchive/archive/68905561_put_it_on_the_line.html,200,,https://agathario.github.io/ficArchive/archive/68905561_put_it_on_the_line.html
https://agathario.github.io/ficArchive/archive/68983746_when_im_working_on_me.html,200,,https://agathario.github.io/ficArchive/archive/68983746_when_im_working_on_me.html
https://agathario.github.io/ficArchive/archive/69117076_the_winner_takes_it_all.html,200,,https://agathario.github.io/ficArchive/archive/69117076_the_winner_takes_it_all.html
https://agathario.github.io/ficArchive/archive/69317051_i_let_my_head_spin_take.html,200,,https://agathario.github.io/ficArchive/archive/69317051_i_let_my_head_spin_take.html
https://agathario.github.io/ficArchive/archive/69409446_rules_for_coparenting_with_your_witch_of_an_ex.html,200,,https://agathario.github.io/ficArchive/archive/69409446_rules_for_coparenting_with_your_witch_of_an_ex.html
https://agathario.github.io/ficArchive/archive/69689251_1111.html,200,,https://agathario.github.io/ficArchive/archive/69689251_1111.html
https://agathario.github.io/ficArchive/archive/69930041_for_your_consideration.html,200,,https://agathario.github.io/ficArchive/archive/69930041_for_your_consideration.html
https://agathario.github.io/ficArchive/archive/70115376_shatter_your_illusions.html,200,,https://agathario.github.io/ficArchive/archive/70115376_shatter_your_illusions.html
https://agathario.github.io/ficArchive/archive/70120581_one_happy_camper.html,200,,https://agathario.github.io/ficArchive/archive/70120581_one_happy_camper.html
https://agathario.github.io/ficArchive/archive/70415451_the_witches_bodyguard.html,200,,https://agathario.github.io/ficArchive/archive/70415451_the_witches_bodyguard.html
https://agathario.github.io/ficArchive/archive/70740846_softballs_a_witch.html,200,,https://agathario.github.io/ficArchive/archive/70740846_softballs_a_witch.html
https://agathario.github.io/ficArchive/archive/71054176_somebody_to_hold.html,200,,https://agathario.github.io/ficArchive/archive/71054176_somebody_to_hold.html
https://agathario.github.io/ficArchive/archive/71416136_the_strawberry_thief.html,200,,https://agathario.github.io/ficArchive/archive/71416136_the_strawberry_thief.html
https://agathario.github.io/ficArchive/archive/72357056_the_birthday_gift.html,200,,https://agathario.github.io/ficArchive/archive/72357056_the_birthday_gift.html
https://agathario.github.io/ficArchive/archive/72701616_war_of_hearts.html,200,,https://agathario.github.io/ficArchive/archive/72701616_war_of_hearts.html
https://agathario.github.io/ficArchive/archive/72791061_youre_gonna_kill_me_if.html,200,,https://agathario.github.io/ficArchive/archive/72791061_youre_gonna_kill_me_if.html
https://agathario.github.io/ficArchive/archive/72791546_baby_whats_mine_is_now.html,200,,https://agathario.github.io/ficArchive/archive/72791546_baby_whats_mine_is_now.html
https://agathario.github.io/ficArchive/archive/73047636_everlong.html,200,,https://agathario.github.io/ficArchive/archive/73047636_everlong.html
https://agathario.github.io/ficArchive/archive/73152711_youre_welcome_to_try_you.html,200,,https://agathario.github.io/ficArchive/archive/73152711_youre_welcome_to_try_you.html
https://agathario.github.io/ficArchive/archive/73212906_Triage_of_the_Heart.html,200,,https://agathario.github.io/ficArchive/archive/73212906_Triage_of_the_Heart.html
https://agathario.github.io/ficArchive/archive/73680001_feel_it_burnwatch_it.html,200,,https://agathario.github.io/ficArchive/archive/73680001_feel_it_burnwatch_it.html
https://agathario.github.io/ficArchive/archive/73728966_i_want_you_on_me_with_both_your_hands.html,200,,https://agathario.github.io/ficArchive/archive/73728966_i_want_you_on_me_with_both_your_hands.html
https://agathario.github.io/ficArchive/archive/73783561_stuck_in_orbit.html,200,,https://agathario.github.io/ficArchive/archive/73783561_stuck_in_orbit.html
https://agathario.github.io/ficArchive/archive/73832301_the_bartender_and_the.html,200,,https://agathario.github.io/ficArchive/archive/73832301_the_bartender_and_the.html
https://agathario.github.io/ficArchive/archive/74247931_growth_decay.html,200,,https://agathario.github.io/ficArchive/archive/74247931_growth_decay.html
https://agathario.github.io/ficArchive/archive/74505286_nothing_shameful.html,200,,https://agathario.github.io/ficArchive/archive/74505286_nothing_shameful.html
https://agathario.github.io/ficArchive/archive/74518501_it_had_to_be_you.html,200,,https://agathario.github.io/ficArchive/archive/74518501_it_had_to_be_you.html
https://agathario.github.io/ficArchive/archive/74682496_a_decade_between_us.html,200,,https://agathario.github.io/ficArchive/archive/74682496_a_decade_between_us.html
https://agathario.github.io/ficArchive/archive/74999331_in_the_mirror_of_your_eyes.html,200,,https://agathario.github.io/ficArchive/archive/74999331_in_the_mirror_of_your_eyes.html
https://agathario.github.io/ficArchive/archive/75050276_next_time_you_call_ill.html,200,,https://agathario.github.io/ficArchive/archive/75050276_next_time_you_call_ill.html
https://agathario.github.io/ficArchive/archive/75076376_the_happiest_season.html,200,,https://agathario.github.io/ficArchive/archive/75076376_the_happiest_season.html
https://agathario.github.io/ficArchive/archive/75155551_circling_around_the_same.html,200,,https://agathario.github.io/ficArchive/archive/75155551_circling_around_the_same.html
https://agathario.github.io/ficArchive/archive/75201581_lost_for_words.html,200,,https://agathario.github.io/ficArchive/archive/75201581_lost_for_words.html
https://agathario.github.io/ficArchive/archive/75370761_leaning_out_for_love.html,200,,https://agathario.github.io/ficArchive/archive/75370761_leaning_out_for_love.html
https://agathario.github.io/ficArchive/archive/75396556_dont_handle_me_with_care.html,200,,https://agathario.github.io/ficArchive/archive/75396556_dont_handle_me_with_care.html
https://agathario.github.io/ficArchive/archive/75614091_i_see_you_youre_walking.html,200,,https://agathario.github.io/ficArchive/archive/75614091_i_see_you_youre_walking.html
https://agathario.github.io/ficArchive/archive/76014136_material_substance.html,200,,https://agathario.github.io/ficArchive/archive/76014136_material_substance.html
https://agathario.github.io/ficArchive/archive/76093411_a_different_way_to_be.html,200,,https://agathario.github.io/ficArchive/archive/76093411_a_different_way_to_be.html
https://agathario.github.io/ficArchive/archive/76260996_its_clichéd_to_be_cynical_at_christmas.html,200,,https://agathario.github.io/ficArchive/archive/76260996_its_clich%C3%A9d_to_be_cynical_at_christmas.html
https://agathario.github.io/ficArchive/archive/76775496_breathe_into_me_and_make.html,200,,https://agathario.github.io/ficArchive/archive/76775496_breathe_into_me_and_make.html
https://agathario.github.io/ficArchive/archive/76893881_all_in_paradise.html,200,,https://agathario.github.io/ficArchive/archive/76893881_all_in_paradise.html
https://agathario.github.io/ficArchive/archive/77249811_i_didnt_ask_for_this.html,200,,https://agathario.github.io/ficArchive/archive/77249811_i_didnt_ask_for_this.html
https://agathario.github.io/ficArchive/archive/77303721_to_be_known_well.html,200,,https://agathario.github.io/ficArchive/archive/77303721_to_be_known_well.html
https://agathario.github.io/ficArchive/archive/77353221_rules_of_the_game.html,200,,https://agathario.github.io/ficArchive/archive/77353221_rules_of_the_game.html
https://agathario.github.io/ficArchive/archive/78965396_youre_my_burial_ground.html,200,,https://agathario.github.io/ficArchive/archive/78965396_youre_my_burial_ground.html
https://agathario.github.io/ficArchive/archive/79316676_serpents_stone.html,200,,https://agathario.github.io/ficArchive/archive/79316676_serpents_stone.html
https://agathario.github.io/ficArchive/archive/79317116_you_dont_need_a.html,200,,https://agathario.github.io/ficArchive/archive/79317116_you_dont_need_a.html
https://agathario.github.io/ficArchive/archive/79932611_knock_me_out_and_kiss_it.html,200,,https://agathario.github.io/ficArchive/archive/79932611_knock_me_out_and_kiss_it.html
https://agathario.github.io/ficArchive/archive/80139521_love_poetry_biology.html,200,,https://agathario.github.io/ficArchive/archive/80139521_love_poetry_biology.html
https://agathario.github.io/ficArchive/archive/80219316_cake_by_the_pound.html,200,,https://agathario.github.io/ficArchive/archive/80219316_cake_by_the_pound.html
https://agathario.github.io/ficArchive/archive/80711091_dont_delete_the_kisses.html,200,,https://agathario.github.io/ficArchive/archive/80711091_dont_delete_the_kisses.html
https://agathario.github.io/ficArchive/archive/80827576_lotus_flower.html,200,,https://agathario.github.io/ficArchive/archive/80827576_lotus_flower.html
https://agathario.github.io/ficArchive/archive/81561916_rumors_fly.html,200,,https://agathario.github.io/ficArchive/archive/81561916_rumors_fly.html
https://agathario.github.io/ficArchive/archive/81943761_the_bells.html,200,,https://agathario.github.io/ficArchive/archive/81943761_the_bells.html
https://agathario.github.io/ficArchive/archive/82204656_life_as_we_know_it.html,200,,https://agathario.github.io/ficArchive/archive/82204656_life_as_we_know_it.html
https://agathario.github.io/ficArchive/archive/82347061_count_every_beautiful.html,200,,https://agathario.github.io/ficArchive/archive/82347061_count_every_beautiful.html
https://agathario.github.io/ficArchive/archive/82934246_when_i_kissed_the.html,200,,https://agathario.github.io/ficArchive/archive/82934246_when_i_kissed_the.html
https://agathario.github.io/ficArchive/archive/83292511_calleth_you_cometh_i.html,200,,https://agathario.github.io/ficArchive/archive/83292511_calleth_you_cometh_i.html
https://agathario.github.io/ficArchive/archive/83788211_the_oxwood.html,200,,https://agathario.github.io/ficArchive/archive/83788211_the_oxwood.html
https://agathario.github.io/ficArchive/archive/84072761_symposium.html,200,,https://agathario.github.io/ficArchive/archive/84072761_symposium.html
https://agathario.github.io/ficArchive/archive/84453726_when_the_wolfbane_blooms.html,200,,https://agathario.github.io/ficArchive/archive/84453726_when_the_wolfbane_blooms.html
https://agathario.github.io/ficArchive/archive/85089776_rescued.html,200,,https://agathario.github.io/ficArchive/archive/85089776_rescued.html
https://agathario.github.io/ficArchive/archive/85098241_farewell_to_the.html,200,,https://agathario.github.io/ficArchive/archive/85098241_farewell_to_the.html
https://agathario.github.io/ficArchive/archive/85272591_no_light_no_light.html,200,,https://agathario.github.io/ficArchive/archive/85272591_no_light_no_light.html
https://agathario.github.io/ficArchive/archive/85322471_crystalline_knowledge_of.html,200,,https://agathario.github.io/ficArchive/archive/85322471_crystalline_knowledge_of.html
https://agathario.github.io/ficArchive/archive/85495916_you_dont_know_what_youve.html,200,,https://agathario.github.io/ficArchive/archive/85495916_you_dont_know_what_youve.html
https://agathario.github.io/ficArchive/archive/85522181_on_call.html,200,,https://agathario.github.io/ficArchive/archive/85522181_on_call.html
https://agathario.github.io/ficArchive/archive/85534741_the_best_little.html,200,,https://agathario.github.io/ficArchive/archive/85534741_the_best_little.html
https://agathario.github.io/ficArchive/archive/85583441_two_left_feet.html,200,,https://agathario.github.io/ficArchive/archive/85583441_two_left_feet.html
https://agathario.github.io/ficArchive/archive/85646976_find_yourself_in_someone.html,200,,https://agathario.github.io/ficArchive/archive/85646976_find_yourself_in_someone.html
https://agathario.github.io/ficArchive/archive/85903136_you_know_ill_take_my.html,200,,https://agathario.github.io/ficArchive/archive/85903136_you_know_ill_take_my.html
https://agathario.github.io/ficArchive/archive/85952646_master_of_restraint_with.html,200,,https://agathario.github.io/ficArchive/archive/85952646_master_of_restraint_with.html
https://agathario.github.io/ficArchive/archive/85956276_grave_mistakes.html,200,,https://agathario.github.io/ficArchive/archive/85956276_grave_mistakes.html
https://agathario.github.io/ficArchive/archive/86171991_the_times.html,200,,https://agathario.github.io/ficArchive/archive/86171991_the_times.html
https://agathario.github.io/ficArchive/archive/86294231_strangers_on_a_train.html,200,,https://agathario.github.io/ficArchive/archive/86294231_strangers_on_a_train.html
https://agathario.github.io/ficArchive/archive/86303191_no_dead_men_no_tales.html,200,,https://agathario.github.io/ficArchive/archive/86303191_no_dead_men_no_tales.html
https://agathario.github.io/ficArchive/archive/86306531_hoops_im_falling_for_you.html,200,,https://agathario.github.io/ficArchive/archive/86306531_hoops_im_falling_for_you.html
https://agathario.github.io/ficArchive/archive/86314591_emergency_contact.html,200,,https://agathario.github.io/ficArchive/archive/86314591_emergency_contact.html
https://agathario.github.io/ficArchive/archive/86318591_flowers_in_the_water.html,200,,https://agathario.github.io/ficArchive/archive/86318591_flowers_in_the_water.html
https://agathario.github.io/ficArchive/archive/86354731_i_sure_know_mating_calls.html,200,,https://agathario.github.io/ficArchive/archive/86354731_i_sure_know_mating_calls.html
https://agathario.github.io/ficArchive/archive/86378576_got_me_on_my_knees_have.html,200,,https://agathario.github.io/ficArchive/archive/86378576_got_me_on_my_knees_have.html
https://agathario.github.io/ficArchive/archive/86390816_all_the_wild_horses.html,200,,https://agathario.github.io/ficArchive/archive/86390816_all_the_wild_horses.html
https://agathario.github.io/ficArchive/archive/86537896_a_thing_with_feathers.html,200,,https://agathario.github.io/ficArchive/archive/86537896_a_thing_with_feathers.html
https://agathario.github.io/ficArchive/archive/86744236_the_forgeries_of_fools.html,200,,https://agathario.github.io/ficArchive/archive/86744236_the_forgeries_of_fools.html
https://agathario.github.io/ficArchive/archive/86829131_i_tore_you_apart_in_my.html,200,,https://agathario.github.io/ficArchive/archive/86829131_i_tore_you_apart_in_my.html
https://agathario.github.io/ficArchive/archive/87086406_ill_be_your_reason.html,200,,https://agathario.github.io/ficArchive/archive/87086406_ill_be_your_reason.html
https://agathario.github.io/ficArchive/archive/87219796_through_fortune_and.html,200,,https://agathario.github.io/ficArchive/archive/87219796_through_fortune_and.html
https://agathario.github.io/ficArchive/archive/87610031_couples_retreat.html,200,,https://agathario.github.io/ficArchive/archive/87610031_couples_retreat.html
https://agathario.github.io/ficArchive/archive/88006181_even_anxious_pups_need.html,200,,https://agathario.github.io/ficArchive/archive/88006181_even_anxious_pups_need.html
https://agathario.github.io/ficArchive/archive/88164286_chances_taken.html,200,,https://agathario.github.io/ficArchive/archive/88164286_chances_taken.html
https://agathario.github.io/ficArchive/archive/88182451_orbiter.html,200,,https://agathario.github.io/ficArchive/archive/88182451_orbiter.html
https://agathario.github.io/ficArchive/archive/88386426_time_cast_a_spell_on_you.html,200,,https://agathario.github.io/ficArchive/archive/88386426_time_cast_a_spell_on_you.html
https://agathario.github.io/ficArchive/archive/88778761_like_a_queen_in_days_of.html,200,,https://agathario.github.io/ficArchive/archive/88778761_like_a_queen_in_days_of.html
https://agathario.github.io/ficArchive/archive/88966521_ice_chips.html,200,,https://agathario.github.io/ficArchive/archive/88966521_ice_chips.html
https://agathario.github.io/ficArchive/archive/89153226_it_made_me_think_of_you.html,200,,https://agathario.github.io/ficArchive/archive/89153226_it_made_me_think_of_you.html
https://agathario.github.io/ficArchive/archive/89275326_just_like_a_tattoo.html,200,,https://agathario.github.io/ficArchive/archive/89275326_just_like_a_tattoo.html
https://agathario.github.io/ficArchive/archive/89276181_fyc_what_if.html,200,,https://agathario.github.io/ficArchive/archive/89276181_fyc_what_if.html
https://agathario.github.io/ficArchive/archive/89289786_a_kiss_with_a_fist_is.html,200,,https://agathario.github.io/ficArchive/archive/89289786_a_kiss_with_a_fist_is.html
https://agathario.github.io/ficArchive/archive/89303531_agathas_body.html,200,,https://agathario.github.io/ficArchive/archive/89303531_agathas_body.html
https://agathario.github.io/ficArchive/archive/89389816_tell_me_all_the_ways.html,200,,https://agathario.github.io/ficArchive/archive/89389816_tell_me_all_the_ways.html
https://agathario.github.io/ficArchive/archive/89602846_pile_o_bones.html,200,,https://agathario.github.io/ficArchive/archive/89602846_pile_o_bones.html
https://agathario.github.io/ficArchive/archive/89628531_the_easiest_part_has.html,200,,https://agathario.github.io/ficArchive/archive/89628531_the_easiest_part_has.html
https://agathario.github.io/ficArchive/archive/89659531_the_girl_next_door.html,200,,https://agathario.github.io/ficArchive/archive/89659531_the_girl_next_door.html
https://agathario.github.io/ficArchive/archive/89678621_how_could_i_ever_be_so.html,200,,https://agathario.github.io/ficArchive/archive/89678621_how_could_i_ever_be_so.html
https://agathario.github.io/ficArchive/archive/89727896_thats_not_my_name.html,200,,https://agathario.github.io/ficArchive/archive/89727896_thats_not_my_name.html
https://agathario.github.io/ficArchive/archive/89738371_feeling_kind_of_freaky.html,200,,https://agathario.github.io/ficArchive/archive/89738371_feeling_kind_of_freaky.html
https://agathario.github.io/ficArchive/archive/89748311_instantaneously.html,200,,https://agathario.github.io/ficArchive/archive/89748311_instantaneously.html
https://agathario.github.io/ficArchive/archive/89849366_i_want_your_desire.html,200,,https://agathario.github.io/ficArchive/archive/89849366_i_want_your_desire.html
https://agathario.github.io/ficArchive/archive/89902311_peonies_to_violets.html,200,,https://agathario.github.io/ficArchive/archive/89902311_peonies_to_violets.html
