work_url,download_url,collected_at,status
"https://archiveofourown.org/works/63293833","https://archiveofourown.org/downloads/63293833/Scratch_an_itch.html?updated_at=1786205508","2026-08-09T02:23:29.238Z","success"
"https://archiveofourown.org/works/84453726","https://archiveofourown.org/downloads/84453726/When_the_Wolfbane_Blooms.html?updated_at=1784638788","2026-08-09T02:23:39.431Z","success"
"https://archiveofourown.org/works/89902311","https://archiveofourown.org/downloads/89902311/Peonies_to_Violets.html?updated_at=1785904047","2026-08-09T02:23:49.670Z","success"
"https://archiveofourown.org/works/86537896","https://archiveofourown.org/downloads/86537896/A_Thing_With_Feathers.html?updated_at=1786228007","2026-08-09T02:23:59.991Z","success"
"https://archiveofourown.org/works/89849366","https://archiveofourown.org/downloads/89849366/I_Want_Your_Desire.html?updated_at=1786175856","2026-08-09T02:24:10.249Z","success"
"https://archiveofourown.org/works/80132946","https://archiveofourown.org/downloads/80132946/I_swear_Id_be_in_peace.html?updated_at=1785809735","2026-08-09T02:24:20.498Z","success"
"https://archiveofourown.org/works/89748311","https://archiveofourown.org/downloads/89748311/Instantaneously.html?updated_at=1785988383","2026-08-09T02:24:30.806Z","success"
"https://archiveofourown.org/works/88386426","https://archiveofourown.org/downloads/88386426/Time_cast_a_spell_on_you.html?updated_at=1786146589","2026-08-09T02:24:41.091Z","success"
"https://archiveofourown.org/works/89628531","https://archiveofourown.org/downloads/89628531/The_Easiest_Part_Has.html?updated_at=1785630259","2026-08-09T02:24:51.325Z","success"
"https://archiveofourown.org/works/89738371","https://archiveofourown.org/downloads/89738371/feeling_kind_of_freaky.html?updated_at=1785691549","2026-08-09T02:25:01.537Z","success"
"https://archiveofourown.org/works/86354731","https://archiveofourown.org/downloads/86354731/I_Sure_Know_Mating_Calls.html?updated_at=1785687959","2026-08-09T02:25:11.805Z","success"
"https://archiveofourown.org/works/89727896","https://archiveofourown.org/downloads/89727896/Thats_Not_My_Name.html?updated_at=1785680816","2026-08-09T02:25:22.103Z","success"
"https://archiveofourown.org/works/89659531","https://archiveofourown.org/downloads/89659531/The_Girl_Next_Door.html?updated_at=1785680816","2026-08-09T02:25:32.377Z","success"
"https://archiveofourown.org/works/89678621","https://archiveofourown.org/downloads/89678621/how_could_i_ever_be_so.html?updated_at=1785612417","2026-08-09T02:25:42.595Z","success"
"https://archiveofourown.org/works/89153226","https://archiveofourown.org/downloads/89153226/it_made_me_think_of_you.html?updated_at=1785528053","2026-08-09T02:25:52.853Z","success"
"https://archiveofourown.org/works/89602846","https://archiveofourown.org/downloads/89602846/Pile_o_Bones.html?updated_at=1785680816","2026-08-09T02:26:03.036Z","success"
"https://archiveofourown.org/works/75370761","https://archiveofourown.org/downloads/75370761/Leaning_Out_for_Love.html?updated_at=1785267238","2026-08-09T02:26:13.281Z","success"
"https://archiveofourown.org/works/89389816","https://archiveofourown.org/downloads/89389816/Tell_Me_All_the_Ways.html?updated_at=1785904259","2026-08-09T02:26:23.574Z","success"
"https://archiveofourown.org/works/88966521","https://archiveofourown.org/downloads/88966521/Ice_Chips.html?updated_at=1785232364","2026-08-09T02:26:33.773Z","success"
"https://archiveofourown.org/works/89276181","https://archiveofourown.org/downloads/89276181/FYC_What_if.html?updated_at=1785133833","2026-08-09T02:26:44.019Z","success"
"https://archiveofourown.org/works/89303531","https://archiveofourown.org/downloads/89303531/Agathas_Body.html?updated_at=1785238141","2026-08-09T02:26:54.244Z","success"
"https://archiveofourown.org/works/81943761","https://archiveofourown.org/downloads/81943761/The_Bells.html?updated_at=1785097422","2026-08-09T02:27:04.507Z","success"
"https://archiveofourown.org/works/89289786","https://archiveofourown.org/downloads/89289786/a_kiss_with_a_fist_is.html?updated_at=1785086845","2026-08-09T02:27:14.774Z","success"
"https://archiveofourown.org/works/89275326","https://archiveofourown.org/downloads/89275326/Just_Like_a_Tattoo.html?updated_at=1785680816","2026-08-09T02:27:25.024Z","success"
"https://archiveofourown.org/works/88164286","https://archiveofourown.org/downloads/88164286/Chances_Taken.html?updated_at=1785004233","2026-08-09T02:27:35.255Z","success"
"https://archiveofourown.org/works/83788211","https://archiveofourown.org/downloads/83788211/The_Oxwood.html?updated_at=1785252912","2026-08-09T02:27:45.607Z","success"
"https://archiveofourown.org/works/84072761","https://archiveofourown.org/downloads/84072761/Symposium.html?updated_at=1784706161","2026-08-09T02:27:55.862Z","success"
"https://archiveofourown.org/works/62078056","https://archiveofourown.org/downloads/62078056/everybody_knows_that_im.html?updated_at=1753834585","2026-08-09T02:28:06.182Z","success"
"https://archiveofourown.org/works/68055376","https://archiveofourown.org/downloads/68055376/Rios_instagram.html?updated_at=1753324022","2026-08-09T02:28:16.376Z","success"
"https://archiveofourown.org/works/88778761","https://archiveofourown.org/downloads/88778761/Like_a_queen_in_days_of.html?updated_at=1786202858","2026-08-09T02:28:26.658Z","success"
"https://archiveofourown.org/works/62832373","https://archiveofourown.org/downloads/62832373/If_I_Cant_Reach_You_Let.html?updated_at=1745645188","2026-08-09T02:28:37.076Z","success"
"https://archiveofourown.org/works/77353221","https://archiveofourown.org/downloads/77353221/Rules_of_the_Game.html?updated_at=1783979636","2026-08-09T02:28:47.364Z","success"
"https://archiveofourown.org/works/65886910","https://archiveofourown.org/downloads/65886910/A_Refusal_of_Endings.html?updated_at=1751843365","2026-08-09T02:28:58.245Z","success"
"https://archiveofourown.org/works/80827576","https://archiveofourown.org/downloads/80827576/Lotus_flower.html?updated_at=1780881251","2026-08-09T02:29:09.368Z","success"
"https://archiveofourown.org/works/88182451","https://archiveofourown.org/downloads/88182451/Orbiter.html?updated_at=1785246114","2026-08-09T02:29:20.362Z","success"
"https://archiveofourown.org/works/86744236","https://archiveofourown.org/downloads/86744236/The_Forgeries_of_Fools.html?updated_at=1782308768","2026-08-09T02:29:31.305Z","success"
"https://archiveofourown.org/works/88006181","https://archiveofourown.org/downloads/88006181/Even_anxious_pups_need.html?updated_at=1783304155","2026-08-09T02:29:42.193Z","success"
"https://archiveofourown.org/works/74247931","https://archiveofourown.org/downloads/74247931/Growth_Decay.html?updated_at=1781399323","2026-08-09T02:29:53.429Z","success"
"https://archiveofourown.org/works/87219796","https://archiveofourown.org/downloads/87219796/through_fortune_and.html?updated_at=1783800596","2026-08-09T02:30:04.263Z","success"
"https://archiveofourown.org/works/87610031","https://archiveofourown.org/downloads/87610031/Couples_Retreat.html?updated_at=1786222853","2026-08-09T02:30:15.428Z","success"
"https://archiveofourown.org/works/60284566","https://archiveofourown.org/downloads/60284566/Behind_the_Curtain.html?updated_at=1782616985","2026-08-09T02:30:26.599Z","success"
"https://archiveofourown.org/works/86390816","https://archiveofourown.org/downloads/86390816/All_the_Wild_Horses.html?updated_at=1783303306","2026-08-09T02:30:37.383Z","success"
"https://archiveofourown.org/works/86294231","https://archiveofourown.org/downloads/86294231/Strangers_On_A_Train.html?updated_at=1782734916","2026-08-09T02:30:48.281Z","success"
"https://archiveofourown.org/works/86318591","https://archiveofourown.org/downloads/86318591/Flowers_in_the_Water.html?updated_at=1782060819","2026-08-09T02:30:59.321Z","success"
"https://archiveofourown.org/works/87086406","https://archiveofourown.org/downloads/87086406/Ill_Be_Your_Reason.html?updated_at=1783961971","2026-08-09T02:31:10.299Z","success"
"https://archiveofourown.org/works/86303191","https://archiveofourown.org/downloads/86303191/No_Dead_Men_No_Tales.html?updated_at=1781888382","2026-08-09T02:31:21.357Z","success"
"https://archiveofourown.org/works/85272591","https://archiveofourown.org/downloads/85272591/No_Light_No_Light.html?updated_at=1780851436","2026-08-09T02:31:32.315Z","success"
"https://archiveofourown.org/works/86306531","https://archiveofourown.org/downloads/86306531/Hoops_Im_Falling_for_You.html?updated_at=1782002635","2026-08-09T02:31:43.235Z","success"
"https://archiveofourown.org/works/85098241","https://archiveofourown.org/downloads/85098241/Farewell_To_The.html?updated_at=1781546919","2026-08-09T02:31:54.296Z","success"
"https://archiveofourown.org/works/85089776","https://archiveofourown.org/downloads/85089776/Rescued.html?updated_at=1780593367","2026-08-09T02:32:05.386Z","success"
"https://archiveofourown.org/works/85583441","https://archiveofourown.org/downloads/85583441/Two_Left_Feet.html?updated_at=1780768506","2026-08-09T02:32:16.341Z","success"
"https://archiveofourown.org/works/85495916","https://archiveofourown.org/downloads/85495916/you_dont_know_what_youve.html?updated_at=1780548929","2026-08-09T02:32:27.305Z","success"
"https://archiveofourown.org/works/86378576","https://archiveofourown.org/downloads/86378576/Got_Me_On_My_Knees_Have.html?updated_at=1781567760","2026-08-09T02:32:38.317Z","success"
"https://archiveofourown.org/works/85646976","https://archiveofourown.org/downloads/85646976/find_yourself_in_someone.html?updated_at=1781645116","2026-08-09T02:32:49.317Z","success"
"https://archiveofourown.org/works/86829131","https://archiveofourown.org/downloads/86829131/I_Tore_You_Apart_In_My.html?updated_at=1785151115","2026-08-09T02:32:59.913Z","success"
"https://archiveofourown.org/works/81561916","https://archiveofourown.org/downloads/81561916/rumors_fly.html?updated_at=1786232875","2026-08-09T02:33:10.180Z","success"
"https://archiveofourown.org/works/86314591","https://archiveofourown.org/downloads/86314591/Emergency_Contact.html?updated_at=1783501389","2026-08-09T02:33:21.405Z","success"
"https://archiveofourown.org/works/85956276","https://archiveofourown.org/downloads/85956276/Grave_Mistakes.html?updated_at=1785576197","2026-08-09T02:33:32.261Z","success"
"https://archiveofourown.org/works/85322471","https://archiveofourown.org/downloads/85322471/Crystalline_Knowledge_of.html?updated_at=1783342611","2026-08-09T02:33:43.216Z","success"
"https://archiveofourown.org/works/85903136","https://archiveofourown.org/downloads/85903136/you_know_ill_take_my.html?updated_at=1781380938","2026-08-09T02:33:54.240Z","success"
"https://archiveofourown.org/works/72791546","https://archiveofourown.org/downloads/72791546/baby_whats_mine_is_now.html?updated_at=1771387775","2026-08-09T02:34:05.292Z","success"
"https://archiveofourown.org/works/72791061","https://archiveofourown.org/downloads/72791061/youre_gonna_kill_me_if.html?updated_at=1771387775","2026-08-09T02:34:16.235Z","success"
"https://archiveofourown.org/works/85952646","https://archiveofourown.org/downloads/85952646/Master_of_Restraint_with.html?updated_at=1785435980","2026-08-09T02:34:27.248Z","success"
"https://archiveofourown.org/works/86171991","https://archiveofourown.org/downloads/86171991/The_Times.html?updated_at=1784706138","2026-08-09T02:34:38.374Z","success"
"https://archiveofourown.org/works/65697490","https://archiveofourown.org/downloads/65697490/I_Now_Pronounce_You.html?updated_at=1780493324","2026-08-09T02:34:48.639Z","success"
"https://archiveofourown.org/works/85534741","https://archiveofourown.org/downloads/85534741/The_Best_Little.html?updated_at=1780421114","2026-08-09T02:34:58.948Z","success"
"https://archiveofourown.org/works/65696449","https://archiveofourown.org/downloads/65696449/waste_the_night.html?updated_at=1781527091","2026-08-09T02:35:09.189Z","success"
"https://archiveofourown.org/works/83292511","https://archiveofourown.org/downloads/83292511/calleth_you_cometh_i.html?updated_at=1784987002","2026-08-09T02:35:19.471Z","success"
"https://archiveofourown.org/works/60961120","https://archiveofourown.org/downloads/60961120/til_storm_breaks_loose.html?updated_at=1757253438","2026-08-09T02:35:29.773Z","success"
"https://archiveofourown.org/works/85522181","https://archiveofourown.org/downloads/85522181/On_Call.html?updated_at=1780145561","2026-08-09T02:35:40.143Z","success"
"https://archiveofourown.org/works/62486611","https://archiveofourown.org/downloads/62486611/if_we_stay_swimming_here.html?updated_at=1780367106","2026-08-09T02:35:50.492Z","success"
"https://archiveofourown.org/works/79932611","https://archiveofourown.org/downloads/79932611/Knock_Me_Out_And_Kiss_it.html?updated_at=1779806894","2026-08-09T02:36:00.757Z","success"
"https://archiveofourown.org/works/61961998","https://archiveofourown.org/downloads/61961998/Firewatch.html?updated_at=1736213618","2026-08-09T02:36:10.955Z","success"
"https://archiveofourown.org/works/82347061","https://archiveofourown.org/downloads/82347061/Count_Every_Beautiful.html?updated_at=1785277870","2026-08-09T02:36:21.218Z","success"
"https://archiveofourown.org/works/80711091","https://archiveofourown.org/downloads/80711091/dont_delete_the_kisses.html?updated_at=1783304187","2026-08-09T02:36:31.520Z","success"
"https://archiveofourown.org/works/75907071","https://archiveofourown.org/downloads/75907071/Late_Night_with_the.html?updated_at=1786049165","2026-08-09T02:36:41.869Z","success"
"https://archiveofourown.org/works/84248671","https://archiveofourown.org/downloads/84248671/All_The_Time_In_The.html?updated_at=1783961971","2026-08-09T02:36:52.406Z","success"
"https://archiveofourown.org/works/62107414","https://archiveofourown.org/downloads/62107414/Crimson.html?updated_at=1745535361","2026-08-09T02:37:03.260Z","success"
"https://archiveofourown.org/works/61800187","https://archiveofourown.org/downloads/61800187/care_of.html?updated_at=1735917702","2026-08-09T02:37:14.219Z","success"
"https://archiveofourown.org/works/80975496","https://archiveofourown.org/downloads/80975496/Ibiza.html?updated_at=1785248806","2026-08-09T02:37:25.469Z","success"
"https://archiveofourown.org/works/60208747","https://archiveofourown.org/downloads/60208747/i_looked_to_the_children.html?updated_at=1735917702","2026-08-09T02:37:36.234Z","success"
"https://archiveofourown.org/works/60768184","https://archiveofourown.org/downloads/60768184/someday_we_will_all_be.html?updated_at=1740372540","2026-08-09T02:37:46.471Z","success"
"https://archiveofourown.org/works/83643571","https://archiveofourown.org/downloads/83643571/Lost_Time.html?updated_at=1780593200","2026-08-09T02:37:56.819Z","success"
"https://archiveofourown.org/works/69039461","https://archiveofourown.org/downloads/69039461/Rawr_Means_I_Love_You_in.html?updated_at=1778472859","2026-08-09T02:38:07.423Z","success"
"https://archiveofourown.org/works/82208311","https://archiveofourown.org/downloads/82208311/Women_Like_You_Women.html?updated_at=1780780977","2026-08-09T02:38:18.273Z","success"
"https://archiveofourown.org/works/82204656","https://archiveofourown.org/downloads/82204656/Life_As_We_Know_It.html?updated_at=1785996079","2026-08-09T02:38:29.305Z","success"
"https://archiveofourown.org/works/84752066","https://archiveofourown.org/downloads/84752066/Wouldnt_You_Love_to_Love.html?updated_at=1785161480","2026-08-09T02:38:40.337Z","success"
"https://archiveofourown.org/works/62265849","https://archiveofourown.org/downloads/62265849/all_half_things.html?updated_at=1738618719","2026-08-09T02:38:51.294Z","success"
"https://archiveofourown.org/works/70538266","https://archiveofourown.org/downloads/70538266/Rented_Hearts_Keep.html?updated_at=1786126954","2026-08-09T02:39:02.308Z","success"
"https://archiveofourown.org/works/67661881","https://archiveofourown.org/downloads/67661881/the_road_not_taken_among.html?updated_at=1785092800","2026-08-09T02:39:13.463Z","success"
"https://archiveofourown.org/works/69922756","https://archiveofourown.org/downloads/69922756/Mirrorball.html?updated_at=1780274270","2026-08-09T02:39:24.262Z","success"
"https://archiveofourown.org/works/70550446","https://archiveofourown.org/downloads/70550446/We_Go_Again.html?updated_at=1784375015","2026-08-09T02:39:35.348Z","success"
"https://archiveofourown.org/works/83988876","https://archiveofourown.org/downloads/83988876/Ill_Bring_Out_The_Worst.html?updated_at=1783971141","2026-08-09T02:39:46.293Z","success"
"https://archiveofourown.org/works/66783133","https://archiveofourown.org/downloads/66783133/That_Which_is_Not_Common.html?updated_at=1777255916","2026-08-09T02:39:57.275Z","success"
"https://archiveofourown.org/works/82934246","https://archiveofourown.org/downloads/82934246/when_i_kissed_the.html?updated_at=1784034692","2026-08-09T02:40:08.336Z","success"
"https://archiveofourown.org/works/76775496","https://archiveofourown.org/downloads/76775496/breathe_into_me_and_make.html?updated_at=1786036649","2026-08-09T02:40:19.240Z","success"
"https://archiveofourown.org/works/67155280","https://archiveofourown.org/downloads/67155280/start_me_up.html?updated_at=1780881251","2026-08-09T02:40:30.261Z","success"
"https://archiveofourown.org/works/67222777","https://archiveofourown.org/downloads/67222777/oh_but_she_burns.html?updated_at=1785975323","2026-08-09T02:40:41.432Z","success"
"https://archiveofourown.org/works/74518501","https://archiveofourown.org/downloads/74518501/it_had_to_be_you.html?updated_at=1786153806","2026-08-09T02:40:52.398Z","success"
"https://archiveofourown.org/works/83001466","https://archiveofourown.org/downloads/83001466/Turn_Them_In_Turn_Them.html?updated_at=1778460864","2026-08-09T02:41:03.279Z","success"
"https://archiveofourown.org/works/82835526","https://archiveofourown.org/downloads/82835526/The_Promise_of_Always.html?updated_at=1786143861","2026-08-09T02:41:14.436Z","success"
"https://archiveofourown.org/works/68983746","https://archiveofourown.org/downloads/68983746/When_Im_Working_On_Me.html?updated_at=1776254927","2026-08-09T02:41:25.309Z","success"
"https://archiveofourown.org/works/68983171","https://archiveofourown.org/downloads/68983171/Would_You_Stay_By_My.html?updated_at=1776254927","2026-08-09T02:41:36.435Z","success"
"https://archiveofourown.org/works/60437284","https://archiveofourown.org/downloads/60437284/hopeless_breathless.html?updated_at=1783187742","2026-08-09T02:41:47.368Z","success"
"https://archiveofourown.org/works/75155551","https://archiveofourown.org/downloads/75155551/circling_around_the_same.html?updated_at=1769660915","2026-08-09T02:41:58.349Z","success"
"https://archiveofourown.org/works/77936761","https://archiveofourown.org/downloads/77936761/Ill_keep_you_safe_you.html?updated_at=1769820635","2026-08-09T02:42:09.373Z","success"
"https://archiveofourown.org/works/67991716","https://archiveofourown.org/downloads/67991716/Do_I_Cross_Your_Mind.html?updated_at=1775066596","2026-08-09T02:42:20.313Z","success"
"https://archiveofourown.org/works/76093411","https://archiveofourown.org/downloads/76093411/a_different_way_to_be.html?updated_at=1774455542","2026-08-09T02:42:31.365Z","success"
"https://archiveofourown.org/works/62675485","https://archiveofourown.org/downloads/62675485/get_you_where_you_wanna.html?updated_at=1745078092","2026-08-09T02:42:42.381Z","success"
"https://archiveofourown.org/works/64272802","https://archiveofourown.org/downloads/64272802/feel_the_love_of_her.html?updated_at=1775937575","2026-08-09T02:42:53.445Z","success"
"https://archiveofourown.org/works/69117076","https://archiveofourown.org/downloads/69117076/the_winner_takes_it_all.html?updated_at=1785187567","2026-08-09T02:43:04.431Z","success"
"https://archiveofourown.org/works/81450586","https://archiveofourown.org/downloads/81450586/Talk_Me_Through_It.html?updated_at=1784659107","2026-08-09T02:43:15.536Z","success"
"https://archiveofourown.org/works/65781208","https://archiveofourown.org/downloads/65781208/this_time_you_wont_leave.html?updated_at=1747884453","2026-08-09T02:43:26.262Z","success"
"https://archiveofourown.org/works/62269809","https://archiveofourown.org/downloads/62269809/Youre_awful_I_love_you.html?updated_at=1774615574","2026-08-09T02:43:36.526Z","success"
"https://archiveofourown.org/works/69250446","https://archiveofourown.org/downloads/69250446/I_Wanna_Be_YoursYoure.html?updated_at=1757700789","2026-08-09T02:43:46.892Z","success"
"https://archiveofourown.org/works/60824317","https://archiveofourown.org/downloads/60824317/let_loose_your_longing.html?updated_at=1778621761","2026-08-09T02:43:57.237Z","success"
"https://archiveofourown.org/works/61650106","https://archiveofourown.org/downloads/61650106/for_you_i_would_cross.html?updated_at=1773792355","2026-08-09T02:44:07.499Z","success"
"https://archiveofourown.org/works/77303721","https://archiveofourown.org/downloads/77303721/to_be_known_well.html?updated_at=1773853592","2026-08-09T02:44:17.816Z","success"
"https://archiveofourown.org/works/66234415","https://archiveofourown.org/downloads/66234415/where_art_thou_why_not.html?updated_at=1770304726","2026-08-09T02:44:28.050Z","success"
"https://archiveofourown.org/works/66656089","https://archiveofourown.org/downloads/66656089/The_Poison_Im_Drawn_to.html?updated_at=1775274367","2026-08-09T02:44:38.404Z","success"
"https://archiveofourown.org/works/71416136","https://archiveofourown.org/downloads/71416136/The_Strawberry_Thief.html?updated_at=1783247367","2026-08-09T02:44:48.744Z","success"
"https://archiveofourown.org/works/80258711","https://archiveofourown.org/downloads/80258711/Ri-0.html?updated_at=1782996887","2026-08-09T02:44:59.104Z","success"
"https://archiveofourown.org/works/76014136","https://archiveofourown.org/downloads/76014136/material_substance.html?updated_at=1773088104","2026-08-09T02:45:09.405Z","success"
"https://archiveofourown.org/works/80705996","https://archiveofourown.org/downloads/80705996/Too_Sweet.html?updated_at=1785953561","2026-08-09T02:45:19.637Z","success"
"https://archiveofourown.org/works/80271671","https://archiveofourown.org/downloads/80271671/Help_Im_Alive.html?updated_at=1774926100","2026-08-09T02:45:29.905Z","success"
"https://archiveofourown.org/works/80219316","https://archiveofourown.org/downloads/80219316/cake_by_the_pound.html?updated_at=1784339906","2026-08-09T02:45:40.249Z","success"
"https://archiveofourown.org/works/80139521","https://archiveofourown.org/downloads/80139521/love_poetry_biology.html?updated_at=1782954111","2026-08-09T02:45:50.501Z","success"
"https://archiveofourown.org/works/65829805","https://archiveofourown.org/downloads/65829805/dea_pascit_corvos.html?updated_at=1782899257","2026-08-09T02:46:00.831Z","success"
"https://archiveofourown.org/works/62248085","https://archiveofourown.org/downloads/62248085/so_my_mother-in-law_is.html?updated_at=1742242797","2026-08-09T02:46:11.175Z","success"
"https://archiveofourown.org/works/79774441","https://archiveofourown.org/downloads/79774441/I_Am_No_Mother_I_Am_No.html?updated_at=1778264616","2026-08-09T02:46:21.526Z","success"
"https://archiveofourown.org/works/65824672","https://archiveofourown.org/downloads/65824672/Nightmare_of_a_Dream.html?updated_at=1748036360","2026-08-09T02:46:31.859Z","success"
"https://archiveofourown.org/works/79671146","https://archiveofourown.org/downloads/79671146/Perfect_Catch.html?updated_at=1771259265","2026-08-09T02:46:42.200Z","success"
"https://archiveofourown.org/works/65764210","https://archiveofourown.org/downloads/65764210/The_Teacher_Trap.html?updated_at=1780493324","2026-08-09T02:46:52.454Z","success"
"https://archiveofourown.org/works/77737251","https://archiveofourown.org/downloads/77737251/Primadonna.html?updated_at=1775491353","2026-08-09T02:47:02.894Z","success"
"https://archiveofourown.org/works/63343102","https://archiveofourown.org/downloads/63343102/Wicked_Game.html?updated_at=1784674518","2026-08-09T02:47:13.253Z","success"
"https://archiveofourown.org/works/70120581","https://archiveofourown.org/downloads/70120581/One_Happy_Camper.html?updated_at=1771007742","2026-08-09T02:47:23.679Z","success"
"https://archiveofourown.org/works/75050276","https://archiveofourown.org/downloads/75050276/Next_time_you_call_Ill.html?updated_at=1776181156","2026-08-09T02:47:34.024Z","success"
"https://archiveofourown.org/works/79317116","https://archiveofourown.org/downloads/79317116/you_dont_need_a.html?updated_at=1770848780","2026-08-09T02:47:44.358Z","success"
"https://archiveofourown.org/works/79316676","https://archiveofourown.org/downloads/79316676/Serpents_Stone.html?updated_at=1771428911","2026-08-09T02:47:54.602Z","success"
"https://archiveofourown.org/works/75614091","https://archiveofourown.org/downloads/75614091/I_see_you_youre_walking.html?updated_at=1776468653","2026-08-09T02:48:04.942Z","success"
"https://archiveofourown.org/works/64606348","https://archiveofourown.org/downloads/64606348/God_is_a_woman.html?updated_at=1770542361","2026-08-09T02:48:15.303Z","success"
"https://archiveofourown.org/works/78965396","https://archiveofourown.org/downloads/78965396/Youre_My_Burial_Ground.html?updated_at=1783561626","2026-08-09T02:48:25.646Z","success"
"https://archiveofourown.org/works/75396556","https://archiveofourown.org/downloads/75396556/Dont_Handle_Me_with_Care.html?updated_at=1776285508","2026-08-09T02:48:35.970Z","success"
"https://archiveofourown.org/works/61850398","https://archiveofourown.org/downloads/61850398/High_Infidelity.html?updated_at=1768415918","2026-08-09T02:48:46.461Z","success"
"https://archiveofourown.org/works/77249811","https://archiveofourown.org/downloads/77249811/I_Didnt_Ask_For_This.html?updated_at=1779950948","2026-08-09T02:48:56.974Z","success"
"https://archiveofourown.org/works/62024398","https://archiveofourown.org/downloads/62024398/Somewhere_Only_We_Know_A.html?updated_at=1760910620","2026-08-09T02:49:07.660Z","success"
"https://archiveofourown.org/works/73680001","https://archiveofourown.org/downloads/73680001/Feel_it_BurnWatch_it.html?updated_at=1767833406","2026-08-09T02:49:17.959Z","success"
"https://archiveofourown.org/works/73047636","https://archiveofourown.org/downloads/73047636/Everlong.html?updated_at=1761957503","2026-08-09T02:49:28.297Z","success"
"https://archiveofourown.org/works/60780265","https://archiveofourown.org/downloads/60780265/Vidal_Books.html?updated_at=1776839560","2026-08-09T02:49:38.749Z","success"
"https://archiveofourown.org/works/69317051","https://archiveofourown.org/downloads/69317051/i_let_my_head_spin_take.html?updated_at=1785580819","2026-08-09T02:49:48.989Z","success"
"https://archiveofourown.org/works/64778476","https://archiveofourown.org/downloads/64778476/By_Blood_and_Bloom.html?updated_at=1753368509","2026-08-09T02:49:59.527Z","success"
"https://archiveofourown.org/works/61419481","https://archiveofourown.org/downloads/61419481/merry_christmas_i_think.html?updated_at=1753834585","2026-08-09T02:50:09.715Z","success"
"https://archiveofourown.org/works/65690266","https://archiveofourown.org/downloads/65690266/Certified_Pre-Owned.html?updated_at=1747632592","2026-08-09T02:50:19.971Z","success"
"https://archiveofourown.org/works/72701616","https://archiveofourown.org/downloads/72701616/War_of_Hearts.html?updated_at=1783278856","2026-08-09T02:50:30.368Z","success"
"https://archiveofourown.org/works/66586843","https://archiveofourown.org/downloads/66586843/Eight.html?updated_at=1766004682","2026-08-09T02:50:40.755Z","success"
"https://archiveofourown.org/works/73832301","https://archiveofourown.org/downloads/73832301/The_bartender_and_the.html?updated_at=1781020759","2026-08-09T02:50:51.143Z","success"
"https://archiveofourown.org/works/75201581","https://archiveofourown.org/downloads/75201581/lost_for_words.html?updated_at=1781987916","2026-08-09T02:51:01.632Z","success"
"https://archiveofourown.org/works/62935369","https://archiveofourown.org/downloads/62935369/love_offline.html?updated_at=1778621766","2026-08-09T02:51:11.841Z","success"
"https://archiveofourown.org/works/73152711","https://archiveofourown.org/downloads/73152711/Youre_Welcome_to_Try_You.html?updated_at=1779331978","2026-08-09T02:51:22.177Z","success"
"https://archiveofourown.org/works/70740846","https://archiveofourown.org/downloads/70740846/Softballs_A_Witch.html?updated_at=1762337280","2026-08-09T02:51:32.565Z","success"
"https://archiveofourown.org/works/64941802","https://archiveofourown.org/downloads/64941802/Work_and_Play_Ball.html?updated_at=1761256143","2026-08-09T02:51:43.006Z","success"
"https://archiveofourown.org/works/68063521","https://archiveofourown.org/downloads/68063521/What_the_Body_Knows.html?updated_at=1758068245","2026-08-09T02:51:53.302Z","success"
"https://archiveofourown.org/works/60667915","https://archiveofourown.org/downloads/60667915/you_look_so_pretty_when.html?updated_at=1735706183","2026-08-09T02:52:03.640Z","success"
"https://archiveofourown.org/works/65781856","https://archiveofourown.org/downloads/65781856/just_hold_on.html?updated_at=1747888009","2026-08-09T02:52:13.875Z","success"
"https://archiveofourown.org/works/64803190","https://archiveofourown.org/downloads/64803190/astonishment_and_joy.html?updated_at=1775835950","2026-08-09T02:52:24.325Z","success"
"https://archiveofourown.org/works/66675667","https://archiveofourown.org/downloads/66675667/youll_find_me_on_my.html?updated_at=1760720244","2026-08-09T02:52:34.689Z","success"
"https://archiveofourown.org/works/60739120","https://archiveofourown.org/downloads/60739120/For_You_To_Be_Still.html?updated_at=1732210081","2026-08-09T02:52:45.013Z","success"
"https://archiveofourown.org/works/72357056","https://archiveofourown.org/downloads/72357056/The_Birthday_Gift.html?updated_at=1784919326","2026-08-09T02:52:55.353Z","success"
"https://archiveofourown.org/works/63986338","https://archiveofourown.org/downloads/63986338/Chance_to_Fix.html?updated_at=1750430587","2026-08-09T02:53:05.867Z","success"
"https://archiveofourown.org/works/65733829","https://archiveofourown.org/downloads/65733829/juxtaposition_in_fate.html?updated_at=1749311816","2026-08-09T02:53:16.145Z","success"
"https://archiveofourown.org/works/66930835","https://archiveofourown.org/downloads/66930835/Theres_Something_Just_a.html?updated_at=1766636387","2026-08-09T02:53:26.484Z","success"
"https://archiveofourown.org/works/61403194","https://archiveofourown.org/downloads/61403194/kaleidoscope.html?updated_at=1747039607","2026-08-09T02:53:36.739Z","success"
"https://archiveofourown.org/works/64844032","https://archiveofourown.org/downloads/64844032/garden_of_eden.html?updated_at=1780881250","2026-08-09T02:53:46.962Z","success"
"https://archiveofourown.org/works/70415451","https://archiveofourown.org/downloads/70415451/The_Witches_Bodyguard.html?updated_at=1776910186","2026-08-09T02:53:57.505Z","success"
"https://archiveofourown.org/works/66258856","https://archiveofourown.org/downloads/66258856/I_follow_your_perfume.html?updated_at=1749865493","2026-08-09T02:54:07.860Z","success"
"https://archiveofourown.org/works/62615323","https://archiveofourown.org/downloads/62615323/Questions.html?updated_at=1761409456","2026-08-09T02:54:18.093Z","success"
"https://archiveofourown.org/works/63442861","https://archiveofourown.org/downloads/63442861/what_if_my_heart_belongs.html?updated_at=1783255479","2026-08-09T02:54:28.338Z","success"
"https://archiveofourown.org/works/64714843","https://archiveofourown.org/downloads/64714843/Five_Days_Four_Nights.html?updated_at=1744734380","2026-08-09T02:54:38.678Z","success"
"https://archiveofourown.org/works/65873035","https://archiveofourown.org/downloads/65873035/Im_Yours.html?updated_at=1748161653","2026-08-09T02:54:48.915Z","success"
"https://archiveofourown.org/works/65819008","https://archiveofourown.org/downloads/65819008/kiss_my_petals_weave_me.html?updated_at=1776181156","2026-08-09T02:54:59.155Z","success"
"https://archiveofourown.org/works/62385640","https://archiveofourown.org/downloads/62385640/want_take_have.html?updated_at=1778621766","2026-08-09T02:55:09.421Z","success"
"https://archiveofourown.org/works/60439222","https://archiveofourown.org/downloads/60439222/Ill_follow_you_down_til.html?updated_at=1780914633","2026-08-09T02:55:19.844Z","success"
"https://archiveofourown.org/works/62356414","https://archiveofourown.org/downloads/62356414/If_youre_not_falling.html?updated_at=1743439984","2026-08-09T02:55:30.188Z","success"
"https://archiveofourown.org/works/65003722","https://archiveofourown.org/downloads/65003722/i_dont_care_that_youre_a.html?updated_at=1758523608","2026-08-09T02:55:40.526Z","success"
"https://archiveofourown.org/works/63598684","https://archiveofourown.org/downloads/63598684/Second_Chances.html?updated_at=1763850926","2026-08-09T02:55:51.134Z","success"
"https://archiveofourown.org/works/64291306","https://archiveofourown.org/downloads/64291306/Pushing_It_Down_and.html?updated_at=1771386655","2026-08-09T02:56:01.428Z","success"
"https://archiveofourown.org/works/60017602","https://archiveofourown.org/downloads/60017602/the_witchy_CEO.html?updated_at=1784223429","2026-08-09T02:56:11.765Z","success"
"https://archiveofourown.org/works/65811607","https://archiveofourown.org/downloads/65811607/Ill_Give_What_I_Get.html?updated_at=1748016419","2026-08-09T02:56:22.001Z","success"
"https://archiveofourown.org/works/63212776","https://archiveofourown.org/downloads/63212776/Inexplicable.html?updated_at=1776468790","2026-08-09T02:56:32.297Z","success"
"https://archiveofourown.org/works/61448059","https://archiveofourown.org/downloads/61448059/immovable_object.html?updated_at=1745535411","2026-08-09T02:56:42.584Z","success"
"https://archiveofourown.org/works/62368990","https://archiveofourown.org/downloads/62368990/Written_in_the_Stars.html?updated_at=1745535353","2026-08-09T02:56:52.923Z","success"
"https://archiveofourown.org/works/63145963","https://archiveofourown.org/downloads/63145963/Its_strictly_business.html?updated_at=1785443716","2026-08-09T02:57:03.699Z","success"
"https://archiveofourown.org/works/71054176","https://archiveofourown.org/downloads/71054176/Somebody_to_Hold.html?updated_at=1783684298","2026-08-09T02:57:14.011Z","success"