work_url,download_url,filename,updated_at,attempted_at,status
https://archiveofourown.org/works/63293833,https://archiveofourown.org/downloads/63293833/Scratch_an_itch.html?updated_at=1786205508,63293833_scratch_an_itch.html,1786205508,2026-08-15T03:34:11.157191+00:00,skipped_already_exists
https://archiveofourown.org/works/84453726,https://archiveofourown.org/downloads/84453726/When_the_Wolfbane_Blooms.html?updated_at=1784638788,84453726_when_the_wolfbane_blooms.html,1784638788,2026-08-15T03:34:11.157345+00:00,skipped_already_exists
https://archiveofourown.org/works/89902311,https://archiveofourown.org/downloads/89902311/Peonies_to_Violets.html?updated_at=1785904047,89902311_peonies_to_violets.html,1785904047,2026-08-15T03:34:11.157373+00:00,skipped_already_exists
https://archiveofourown.org/works/86537896,https://archiveofourown.org/downloads/86537896/A_Thing_With_Feathers.html?updated_at=1786228007,86537896_a_thing_with_feathers.html,1786228007,2026-08-15T03:34:11.157399+00:00,skipped_already_exists
https://archiveofourown.org/works/89849366,https://archiveofourown.org/downloads/89849366/I_Want_Your_Desire.html?updated_at=1786175856,89849366_i_want_your_desire.html,1786175856,2026-08-15T03:34:11.157420+00:00,skipped_already_exists
https://archiveofourown.org/works/80132946,https://archiveofourown.org/downloads/80132946/I_swear_Id_be_in_peace.html?updated_at=1785809735,,1785809735,2026-08-15T03:34:41.274391+00:00,"network_error: HTTPSConnectionPool(host='archiveofourown.org', port=443): Read timed out. (read timeout=30)"
https://archiveofourown.org/works/89748311,https://archiveofourown.org/downloads/89748311/Instantaneously.html?updated_at=1785988383,89748311_instantaneously.html,1785988383,2026-08-15T03:34:51.899120+00:00,success
https://archiveofourown.org/works/88386426,https://archiveofourown.org/downloads/88386426/Time_cast_a_spell_on_you.html?updated_at=1786146589,88386426_time_cast_a_spell_on_you.html,1786146589,2026-08-15T03:35:02.269721+00:00,success
https://archiveofourown.org/works/89628531,https://archiveofourown.org/downloads/89628531/The_Easiest_Part_Has.html?updated_at=1785630259,89628531_the_easiest_part_has.html,1785630259,2026-08-15T03:35:12.275277+00:00,skipped_already_exists
https://archiveofourown.org/works/89738371,https://archiveofourown.org/downloads/89738371/feeling_kind_of_freaky.html?updated_at=1785691549,89738371_feeling_kind_of_freaky.html,1785691549,2026-08-15T03:35:12.275456+00:00,skipped_already_exists
https://archiveofourown.org/works/86354731,https://archiveofourown.org/downloads/86354731/I_Sure_Know_Mating_Calls.html?updated_at=1785687959,86354731_i_sure_know_mating_calls.html,1785687959,2026-08-15T03:35:12.275587+00:00,skipped_already_exists
https://archiveofourown.org/works/89727896,https://archiveofourown.org/downloads/89727896/Thats_Not_My_Name.html?updated_at=1785680816,89727896_thats_not_my_name.html,1785680816,2026-08-15T03:35:12.579299+00:00,success
https://archiveofourown.org/works/89659531,https://archiveofourown.org/downloads/89659531/The_Girl_Next_Door.html?updated_at=1785680816,89659531_the_girl_next_door.html,1785680816,2026-08-15T03:35:22.584415+00:00,skipped_already_exists
https://archiveofourown.org/works/89678621,https://archiveofourown.org/downloads/89678621/how_could_i_ever_be_so.html?updated_at=1785612417,89678621_how_could_i_ever_be_so.html,1785612417,2026-08-15T03:35:22.584523+00:00,skipped_already_exists
https://archiveofourown.org/works/89153226,https://archiveofourown.org/downloads/89153226/it_made_me_think_of_you.html?updated_at=1785528053,89153226_it_made_me_think_of_you.html,1785528053,2026-08-15T03:35:22.855982+00:00,success
https://archiveofourown.org/works/89602846,https://archiveofourown.org/downloads/89602846/Pile_o_Bones.html?updated_at=1785680816,89602846_pile_o_bones.html,1785680816,2026-08-15T03:35:32.859200+00:00,skipped_already_exists
https://archiveofourown.org/works/75370761,https://archiveofourown.org/downloads/75370761/Leaning_Out_for_Love.html?updated_at=1785267238,75370761_leaning_out_for_love.html,1785267238,2026-08-15T03:35:32.859451+00:00,skipped_already_exists
https://archiveofourown.org/works/89389816,https://archiveofourown.org/downloads/89389816/Tell_Me_All_the_Ways.html?updated_at=1785904259,89389816_tell_me_all_the_ways.html,1785904259,2026-08-15T03:35:32.859540+00:00,skipped_already_exists
https://archiveofourown.org/works/88966521,https://archiveofourown.org/downloads/88966521/Ice_Chips.html?updated_at=1785232364,88966521_ice_chips.html,1785232364,2026-08-15T03:35:32.859593+00:00,skipped_already_exists
https://archiveofourown.org/works/89276181,https://archiveofourown.org/downloads/89276181/FYC_What_if.html?updated_at=1785133833,89276181_fyc_what_if.html,1785133833,2026-08-15T03:35:32.859639+00:00,skipped_already_exists
https://archiveofourown.org/works/89303531,https://archiveofourown.org/downloads/89303531/Agathas_Body.html?updated_at=1785238141,89303531_agathas_body.html,1785238141,2026-08-15T03:35:32.859681+00:00,skipped_already_exists
https://archiveofourown.org/works/81943761,https://archiveofourown.org/downloads/81943761/The_Bells.html?updated_at=1785097422,81943761_the_bells.html,1785097422,2026-08-15T03:35:32.859725+00:00,skipped_already_exists
https://archiveofourown.org/works/89289786,https://archiveofourown.org/downloads/89289786/a_kiss_with_a_fist_is.html?updated_at=1785086845,89289786_a_kiss_with_a_fist_is.html,1785086845,2026-08-15T03:35:32.859773+00:00,skipped_already_exists
https://archiveofourown.org/works/89275326,https://archiveofourown.org/downloads/89275326/Just_Like_a_Tattoo.html?updated_at=1785680816,89275326_just_like_a_tattoo.html,1785680816,2026-08-15T03:35:32.859815+00:00,skipped_already_exists
https://archiveofourown.org/works/88164286,https://archiveofourown.org/downloads/88164286/Chances_Taken.html?updated_at=1785004233,88164286_chances_taken.html,1785004233,2026-08-15T03:35:32.859858+00:00,skipped_already_exists
https://archiveofourown.org/works/83788211,https://archiveofourown.org/downloads/83788211/The_Oxwood.html?updated_at=1785252912,83788211_the_oxwood.html,1785252912,2026-08-15T03:35:32.859899+00:00,skipped_already_exists
https://archiveofourown.org/works/84072761,https://archiveofourown.org/downloads/84072761/Symposium.html?updated_at=1784706161,84072761_symposium.html,1784706161,2026-08-15T03:35:32.859940+00:00,skipped_already_exists
https://archiveofourown.org/works/62078056,https://archiveofourown.org/downloads/62078056/everybody_knows_that_im.html?updated_at=1753834585,62078056_everybody_knows_that_im.html,1753834585,2026-08-15T03:35:32.859983+00:00,skipped_already_exists
https://archiveofourown.org/works/68055376,https://archiveofourown.org/downloads/68055376/Rios_instagram.html?updated_at=1753324022,68055376_rios_instagram.html,1753324022,2026-08-15T03:35:32.860023+00:00,skipped_already_exists
https://archiveofourown.org/works/88778761,https://archiveofourown.org/downloads/88778761/Like_a_queen_in_days_of.html?updated_at=1786202858,88778761_like_a_queen_in_days_of.html,1786202858,2026-08-15T03:35:32.860067+00:00,skipped_already_exists
https://archiveofourown.org/works/62832373,https://archiveofourown.org/downloads/62832373/If_I_Cant_Reach_You_Let.html?updated_at=1745645188,62832373_if_i_cant_reach_you_let.html,1745645188,2026-08-15T03:35:32.860110+00:00,skipped_already_exists
https://archiveofourown.org/works/77353221,https://archiveofourown.org/downloads/77353221/Rules_of_the_Game.html?updated_at=1783979636,77353221_rules_of_the_game.html,1783979636,2026-08-15T03:35:32.860153+00:00,skipped_already_exists
https://archiveofourown.org/works/65886910,https://archiveofourown.org/downloads/65886910/A_Refusal_of_Endings.html?updated_at=1751843365,65886910_a_refusal_of_endings.html,1751843365,2026-08-15T03:35:32.860199+00:00,skipped_already_exists
https://archiveofourown.org/works/80827576,https://archiveofourown.org/downloads/80827576/Lotus_flower.html?updated_at=1780881251,80827576_lotus_flower.html,1780881251,2026-08-15T03:35:32.860240+00:00,skipped_already_exists
https://archiveofourown.org/works/88182451,https://archiveofourown.org/downloads/88182451/Orbiter.html?updated_at=1785246114,88182451_orbiter.html,1785246114,2026-08-15T03:35:32.860281+00:00,skipped_already_exists
https://archiveofourown.org/works/86744236,https://archiveofourown.org/downloads/86744236/The_Forgeries_of_Fools.html?updated_at=1782308768,86744236_the_forgeries_of_fools.html,1782308768,2026-08-15T03:35:33.597368+00:00,success
https://archiveofourown.org/works/88006181,https://archiveofourown.org/downloads/88006181/Even_anxious_pups_need.html?updated_at=1783304155,88006181_even_anxious_pups_need.html,1783304155,2026-08-15T03:35:43.599438+00:00,skipped_already_exists
https://archiveofourown.org/works/74247931,https://archiveofourown.org/downloads/74247931/Growth_Decay.html?updated_at=1781399323,74247931_growth_decay.html,1781399323,2026-08-15T03:35:43.599630+00:00,skipped_already_exists
https://archiveofourown.org/works/87219796,https://archiveofourown.org/downloads/87219796/through_fortune_and.html?updated_at=1783800596,87219796_through_fortune_and.html,1783800596,2026-08-15T03:35:43.599763+00:00,skipped_already_exists
https://archiveofourown.org/works/87610031,https://archiveofourown.org/downloads/87610031/Couples_Retreat.html?updated_at=1786222853,87610031_couples_retreat.html,1786222853,2026-08-15T03:35:44.701791+00:00,success
https://archiveofourown.org/works/60284566,https://archiveofourown.org/downloads/60284566/Behind_the_Curtain.html?updated_at=1782616985,60284566_behind_the_curtain.html,1782616985,2026-08-15T03:35:55.111995+00:00,success
https://archiveofourown.org/works/86390816,https://archiveofourown.org/downloads/86390816/All_the_Wild_Horses.html?updated_at=1783303306,86390816_all_the_wild_horses.html,1783303306,2026-08-15T03:36:05.705898+00:00,success
https://archiveofourown.org/works/86294231,https://archiveofourown.org/downloads/86294231/Strangers_On_A_Train.html?updated_at=1782734916,86294231_strangers_on_a_train.html,1782734916,2026-08-15T03:36:15.708696+00:00,skipped_already_exists
https://archiveofourown.org/works/86318591,https://archiveofourown.org/downloads/86318591/Flowers_in_the_Water.html?updated_at=1782060819,86318591_flowers_in_the_water.html,1782060819,2026-08-15T03:36:16.113190+00:00,success
https://archiveofourown.org/works/87086406,https://archiveofourown.org/downloads/87086406/Ill_Be_Your_Reason.html?updated_at=1783961971,87086406_ill_be_your_reason.html,1783961971,2026-08-15T03:36:26.604970+00:00,success
https://archiveofourown.org/works/86303191,https://archiveofourown.org/downloads/86303191/No_Dead_Men_No_Tales.html?updated_at=1781888382,,1781888382,2026-08-15T03:37:06.616366+00:00,"network_error: HTTPSConnectionPool(host='archiveofourown.org', port=443): Read timed out. (read timeout=30)"
https://archiveofourown.org/works/85272591,https://archiveofourown.org/downloads/85272591/No_Light_No_Light.html?updated_at=1780851436,85272591_no_light_no_light.html,1780851436,2026-08-15T03:37:16.618984+00:00,skipped_already_exists
https://archiveofourown.org/works/86306531,https://archiveofourown.org/downloads/86306531/Hoops_Im_Falling_for_You.html?updated_at=1782002635,86306531_hoops_im_falling_for_you.html,1782002635,2026-08-15T03:37:16.619085+00:00,skipped_already_exists
https://archiveofourown.org/works/85098241,https://archiveofourown.org/downloads/85098241/Farewell_To_The.html?updated_at=1781546919,85098241_farewell_to_the.html,1781546919,2026-08-15T03:37:16.619202+00:00,skipped_already_exists
https://archiveofourown.org/works/85089776,https://archiveofourown.org/downloads/85089776/Rescued.html?updated_at=1780593367,85089776_rescued.html,1780593367,2026-08-15T03:37:16.619330+00:00,skipped_already_exists
https://archiveofourown.org/works/85583441,https://archiveofourown.org/downloads/85583441/Two_Left_Feet.html?updated_at=1780768506,85583441_two_left_feet.html,1780768506,2026-08-15T03:37:16.619417+00:00,skipped_already_exists
https://archiveofourown.org/works/85495916,https://archiveofourown.org/downloads/85495916/you_dont_know_what_youve.html?updated_at=1780548929,85495916_you_dont_know_what_youve.html,1780548929,2026-08-15T03:37:16.619476+00:00,skipped_already_exists
https://archiveofourown.org/works/86378576,https://archiveofourown.org/downloads/86378576/Got_Me_On_My_Knees_Have.html?updated_at=1781567760,86378576_got_me_on_my_knees_have.html,1781567760,2026-08-15T03:37:17.179952+00:00,success
https://archiveofourown.org/works/85646976,https://archiveofourown.org/downloads/85646976/find_yourself_in_someone.html?updated_at=1781645116,85646976_find_yourself_in_someone.html,1781645116,2026-08-15T03:37:27.185692+00:00,skipped_already_exists
https://archiveofourown.org/works/86829131,https://archiveofourown.org/downloads/86829131/I_Tore_You_Apart_In_My.html?updated_at=1785151115,86829131_i_tore_you_apart_in_my.html,1785151115,2026-08-15T03:37:27.185877+00:00,skipped_already_exists
https://archiveofourown.org/works/81561916,https://archiveofourown.org/downloads/81561916/rumors_fly.html?updated_at=1786232875,81561916_rumors_fly.html,1786232875,2026-08-15T03:37:27.185972+00:00,skipped_already_exists
https://archiveofourown.org/works/86314591,https://archiveofourown.org/downloads/86314591/Emergency_Contact.html?updated_at=1783501389,86314591_emergency_contact.html,1783501389,2026-08-15T03:37:27.186055+00:00,skipped_already_exists
https://archiveofourown.org/works/85956276,https://archiveofourown.org/downloads/85956276/Grave_Mistakes.html?updated_at=1785576197,85956276_grave_mistakes.html,1785576197,2026-08-15T03:37:27.186130+00:00,skipped_already_exists
https://archiveofourown.org/works/85322471,https://archiveofourown.org/downloads/85322471/Crystalline_Knowledge_of.html?updated_at=1783342611,85322471_crystalline_knowledge_of.html,1783342611,2026-08-15T03:37:27.186211+00:00,skipped_already_exists
https://archiveofourown.org/works/85903136,https://archiveofourown.org/downloads/85903136/you_know_ill_take_my.html?updated_at=1781380938,85903136_you_know_ill_take_my.html,1781380938,2026-08-15T03:37:27.186284+00:00,skipped_already_exists
https://archiveofourown.org/works/72791546,https://archiveofourown.org/downloads/72791546/baby_whats_mine_is_now.html?updated_at=1771387775,72791546_baby_whats_mine_is_now.html,1771387775,2026-08-15T03:37:27.186360+00:00,skipped_already_exists
https://archiveofourown.org/works/72791061,https://archiveofourown.org/downloads/72791061/youre_gonna_kill_me_if.html?updated_at=1771387775,72791061_youre_gonna_kill_me_if.html,1771387775,2026-08-15T03:37:27.186432+00:00,skipped_already_exists
https://archiveofourown.org/works/85952646,https://archiveofourown.org/downloads/85952646/Master_of_Restraint_with.html?updated_at=1785435980,85952646_master_of_restraint_with.html,1785435980,2026-08-15T03:37:27.186546+00:00,skipped_already_exists
https://archiveofourown.org/works/86171991,https://archiveofourown.org/downloads/86171991/The_Times.html?updated_at=1784706138,,1784706138,2026-08-15T03:37:57.183089+00:00,"network_error: HTTPSConnectionPool(host='archiveofourown.org', port=443): Read timed out. (read timeout=30)"
https://archiveofourown.org/works/65697490,https://archiveofourown.org/downloads/65697490/I_Now_Pronounce_You.html?updated_at=1780493324,65697490_i_now_pronounce_you.html,1780493324,2026-08-15T03:38:07.564733+00:00,success
https://archiveofourown.org/works/85534741,https://archiveofourown.org/downloads/85534741/The_Best_Little.html?updated_at=1780421114,85534741_the_best_little.html,1780421114,2026-08-15T03:38:17.563639+00:00,skipped_already_exists
https://archiveofourown.org/works/65696449,https://archiveofourown.org/downloads/65696449/waste_the_night.html?updated_at=1781527091,65696449_waste_the_night.html,1781527091,2026-08-15T03:38:17.563805+00:00,skipped_already_exists
https://archiveofourown.org/works/83292511,https://archiveofourown.org/downloads/83292511/calleth_you_cometh_i.html?updated_at=1784987002,83292511_calleth_you_cometh_i.html,1784987002,2026-08-15T03:38:17.946264+00:00,success
https://archiveofourown.org/works/60961120,https://archiveofourown.org/downloads/60961120/til_storm_breaks_loose.html?updated_at=1757253438,60961120_til_storm_breaks_loose.html,1757253438,2026-08-15T03:38:27.946535+00:00,skipped_already_exists
https://archiveofourown.org/works/85522181,https://archiveofourown.org/downloads/85522181/On_Call.html?updated_at=1780145561,85522181_on_call.html,1780145561,2026-08-15T03:38:27.946713+00:00,skipped_already_exists
https://archiveofourown.org/works/62486611,https://archiveofourown.org/downloads/62486611/if_we_stay_swimming_here.html?updated_at=1780367106,62486611_if_we_stay_swimming_here.html,1780367106,2026-08-15T03:38:28.347269+00:00,success
https://archiveofourown.org/works/79932611,https://archiveofourown.org/downloads/79932611/Knock_Me_Out_And_Kiss_it.html?updated_at=1779806894,79932611_knock_me_out_and_kiss_it.html,1779806894,2026-08-15T03:38:38.803655+00:00,success
https://archiveofourown.org/works/61961998,https://archiveofourown.org/downloads/61961998/Firewatch.html?updated_at=1736213618,61961998_firewatch.html,1736213618,2026-08-15T03:38:48.807921+00:00,skipped_already_exists
https://archiveofourown.org/works/82347061,https://archiveofourown.org/downloads/82347061/Count_Every_Beautiful.html?updated_at=1785277870,82347061_count_every_beautiful.html,1785277870,2026-08-15T03:38:48.808089+00:00,skipped_already_exists
https://archiveofourown.org/works/80711091,https://archiveofourown.org/downloads/80711091/dont_delete_the_kisses.html?updated_at=1783304187,80711091_dont_delete_the_kisses.html,1783304187,2026-08-15T03:38:48.808217+00:00,skipped_already_exists
https://archiveofourown.org/works/75907071,https://archiveofourown.org/downloads/75907071/Late_Night_with_the.html?updated_at=1786049165,75907071_late_night_with_the.html,1786049165,2026-08-15T03:38:48.808312+00:00,skipped_already_exists
https://archiveofourown.org/works/84248671,https://archiveofourown.org/downloads/84248671/All_The_Time_In_The.html?updated_at=1783961971,84248671_all_the_time_in_the.html,1783961971,2026-08-15T03:38:48.808417+00:00,skipped_already_exists
https://archiveofourown.org/works/62107414,https://archiveofourown.org/downloads/62107414/Crimson.html?updated_at=1745535361,62107414_crimson.html,1745535361,2026-08-15T03:38:49.152379+00:00,success
https://archiveofourown.org/works/61800187,https://archiveofourown.org/downloads/61800187/care_of.html?updated_at=1735917702,61800187_care_of.html,1735917702,2026-08-15T03:38:59.153467+00:00,skipped_already_exists
https://archiveofourown.org/works/80975496,https://archiveofourown.org/downloads/80975496/Ibiza.html?updated_at=1785248806,80975496_ibiza.html,1785248806,2026-08-15T03:38:59.153610+00:00,skipped_already_exists
https://archiveofourown.org/works/60208747,https://archiveofourown.org/downloads/60208747/i_looked_to_the_children.html?updated_at=1735917702,60208747_i_looked_to_the_children.html,1735917702,2026-08-15T03:38:59.153723+00:00,skipped_already_exists
https://archiveofourown.org/works/60768184,https://archiveofourown.org/downloads/60768184/someday_we_will_all_be.html?updated_at=1740372540,60768184_someday_we_will_all_be.html,1740372540,2026-08-15T03:38:59.153886+00:00,skipped_already_exists
https://archiveofourown.org/works/83643571,https://archiveofourown.org/downloads/83643571/Lost_Time.html?updated_at=1780593200,83643571_lost_time.html,1780593200,2026-08-15T03:38:59.153982+00:00,skipped_already_exists
https://archiveofourown.org/works/69039461,https://archiveofourown.org/downloads/69039461/Rawr_Means_I_Love_You_in.html?updated_at=1778472859,69039461_rawr_means_i_love_you_in.html,1778472859,2026-08-15T03:38:59.154119+00:00,skipped_already_exists
https://archiveofourown.org/works/82208311,https://archiveofourown.org/downloads/82208311/Women_Like_You_Women.html?updated_at=1780780977,82208311_women_like_you_women.html,1780780977,2026-08-15T03:38:59.154202+00:00,skipped_already_exists
https://archiveofourown.org/works/82204656,https://archiveofourown.org/downloads/82204656/Life_As_We_Know_It.html?updated_at=1785996079,82204656_life_as_we_know_it.html,1785996079,2026-08-15T03:38:59.154279+00:00,skipped_already_exists
https://archiveofourown.org/works/84752066,https://archiveofourown.org/downloads/84752066/Wouldnt_You_Love_to_Love.html?updated_at=1785161480,84752066_wouldnt_you_love_to_love.html,1785161480,2026-08-15T03:38:59.154358+00:00,skipped_already_exists
https://archiveofourown.org/works/62265849,https://archiveofourown.org/downloads/62265849/all_half_things.html?updated_at=1738618719,62265849_all_half_things.html,1738618719,2026-08-15T03:38:59.154435+00:00,skipped_already_exists
https://archiveofourown.org/works/70538266,https://archiveofourown.org/downloads/70538266/Rented_Hearts_Keep.html?updated_at=1786126954,70538266_rented_hearts_keep.html,1786126954,2026-08-15T03:38:59.154499+00:00,skipped_already_exists
https://archiveofourown.org/works/67661881,https://archiveofourown.org/downloads/67661881/the_road_not_taken_among.html?updated_at=1785092800,67661881_the_road_not_taken_among.html,1785092800,2026-08-15T03:38:59.154559+00:00,skipped_already_exists
https://archiveofourown.org/works/69922756,https://archiveofourown.org/downloads/69922756/Mirrorball.html?updated_at=1780274270,69922756_mirrorball.html,1780274270,2026-08-15T03:38:59.154616+00:00,skipped_already_exists
https://archiveofourown.org/works/70550446,https://archiveofourown.org/downloads/70550446/We_Go_Again.html?updated_at=1784375015,70550446_we_go_again.html,1784375015,2026-08-15T03:38:59.154677+00:00,skipped_already_exists
https://archiveofourown.org/works/83988876,https://archiveofourown.org/downloads/83988876/Ill_Bring_Out_The_Worst.html?updated_at=1783971141,83988876_ill_bring_out_the_worst.html,1783971141,2026-08-15T03:38:59.154834+00:00,skipped_already_exists
https://archiveofourown.org/works/66783133,https://archiveofourown.org/downloads/66783133/That_Which_is_Not_Common.html?updated_at=1777255916,66783133_that_which_is_not_common.html,1777255916,2026-08-15T03:38:59.154905+00:00,skipped_already_exists
https://archiveofourown.org/works/82934246,https://archiveofourown.org/downloads/82934246/when_i_kissed_the.html?updated_at=1784034692,82934246_when_i_kissed_the.html,1784034692,2026-08-15T03:38:59.155003+00:00,skipped_already_exists
https://archiveofourown.org/works/76775496,https://archiveofourown.org/downloads/76775496/breathe_into_me_and_make.html?updated_at=1786036649,76775496_breathe_into_me_and_make.html,1786036649,2026-08-15T03:38:59.155124+00:00,skipped_already_exists
https://archiveofourown.org/works/67155280,https://archiveofourown.org/downloads/67155280/start_me_up.html?updated_at=1780881251,67155280_start_me_up.html,1780881251,2026-08-15T03:38:59.155196+00:00,skipped_already_exists
https://archiveofourown.org/works/67222777,https://archiveofourown.org/downloads/67222777/oh_but_she_burns.html?updated_at=1785975323,67222777_oh_but_she_burns.html,1785975323,2026-08-15T03:38:59.155258+00:00,skipped_already_exists
https://archiveofourown.org/works/74518501,https://archiveofourown.org/downloads/74518501/it_had_to_be_you.html?updated_at=1786153806,74518501_it_had_to_be_you.html,1786153806,2026-08-15T03:38:59.155317+00:00,skipped_already_exists
https://archiveofourown.org/works/83001466,https://archiveofourown.org/downloads/83001466/Turn_Them_In_Turn_Them.html?updated_at=1778460864,83001466_turn_them_in_turn_them.html,1778460864,2026-08-15T03:38:59.155388+00:00,skipped_already_exists
https://archiveofourown.org/works/82835526,https://archiveofourown.org/downloads/82835526/The_Promise_of_Always.html?updated_at=1786143861,82835526_the_promise_of_always.html,1786143861,2026-08-15T03:38:59.585940+00:00,success
https://archiveofourown.org/works/68983746,https://archiveofourown.org/downloads/68983746/When_Im_Working_On_Me.html?updated_at=1776254927,68983746_when_im_working_on_me.html,1776254927,2026-08-15T03:39:09.589977+00:00,skipped_already_exists
https://archiveofourown.org/works/68983171,https://archiveofourown.org/downloads/68983171/Would_You_Stay_By_My.html?updated_at=1776254927,68983171_would_you_stay_by_my.html,1776254927,2026-08-15T03:39:09.590091+00:00,skipped_already_exists
https://archiveofourown.org/works/60437284,https://archiveofourown.org/downloads/60437284/hopeless_breathless.html?updated_at=1783187742,60437284_hopeless_breathless.html,1783187742,2026-08-15T03:39:09.590152+00:00,skipped_already_exists
https://archiveofourown.org/works/75155551,https://archiveofourown.org/downloads/75155551/circling_around_the_same.html?updated_at=1769660915,75155551_circling_around_the_same.html,1769660915,2026-08-15T03:39:09.590215+00:00,skipped_already_exists
https://archiveofourown.org/works/77936761,https://archiveofourown.org/downloads/77936761/Ill_keep_you_safe_you.html?updated_at=1769820635,77936761_ill_keep_you_safe_you.html,1769820635,2026-08-15T03:39:09.590274+00:00,skipped_already_exists
https://archiveofourown.org/works/67991716,https://archiveofourown.org/downloads/67991716/Do_I_Cross_Your_Mind.html?updated_at=1775066596,67991716_do_i_cross_your_mind.html,1775066596,2026-08-15T03:39:09.590336+00:00,skipped_already_exists
https://archiveofourown.org/works/76093411,https://archiveofourown.org/downloads/76093411/a_different_way_to_be.html?updated_at=1774455542,76093411_a_different_way_to_be.html,1774455542,2026-08-15T03:39:09.590521+00:00,skipped_already_exists
https://archiveofourown.org/works/62675485,https://archiveofourown.org/downloads/62675485/get_you_where_you_wanna.html?updated_at=1745078092,62675485_get_you_where_you_wanna.html,1745078092,2026-08-15T03:39:09.590626+00:00,skipped_already_exists
https://archiveofourown.org/works/64272802,https://archiveofourown.org/downloads/64272802/feel_the_love_of_her.html?updated_at=1775937575,64272802_feel_the_love_of_her.html,1775937575,2026-08-15T03:39:09.590710+00:00,skipped_already_exists
https://archiveofourown.org/works/69117076,https://archiveofourown.org/downloads/69117076/the_winner_takes_it_all.html?updated_at=1785187567,,1785187567,2026-08-15T03:39:39.596750+00:00,"network_error: HTTPSConnectionPool(host='archiveofourown.org', port=443): Read timed out. (read timeout=30)"
https://archiveofourown.org/works/81450586,https://archiveofourown.org/downloads/81450586/Talk_Me_Through_It.html?updated_at=1784659107,81450586_talk_me_through_it.html,1784659107,2026-08-15T03:39:49.601504+00:00,skipped_already_exists
https://archiveofourown.org/works/65781208,https://archiveofourown.org/downloads/65781208/this_time_you_wont_leave.html?updated_at=1747884453,65781208_this_time_you_wont_leave.html,1747884453,2026-08-15T03:39:49.601870+00:00,skipped_already_exists
https://archiveofourown.org/works/62269809,https://archiveofourown.org/downloads/62269809/Youre_awful_I_love_you.html?updated_at=1774615574,62269809_youre_awful_i_love_you.html,1774615574,2026-08-15T03:39:49.602060+00:00,skipped_already_exists
https://archiveofourown.org/works/69250446,https://archiveofourown.org/downloads/69250446/I_Wanna_Be_YoursYoure.html?updated_at=1757700789,69250446_i_wanna_be_yoursyoure.html,1757700789,2026-08-15T03:39:49.602178+00:00,skipped_already_exists
https://archiveofourown.org/works/60824317,https://archiveofourown.org/downloads/60824317/let_loose_your_longing.html?updated_at=1778621761,60824317_let_loose_your_longing.html,1778621761,2026-08-15T03:39:49.602223+00:00,skipped_already_exists
https://archiveofourown.org/works/61650106,https://archiveofourown.org/downloads/61650106/for_you_i_would_cross.html?updated_at=1773792355,61650106_for_you_i_would_cross.html,1773792355,2026-08-15T03:39:49.602266+00:00,skipped_already_exists
https://archiveofourown.org/works/77303721,https://archiveofourown.org/downloads/77303721/to_be_known_well.html?updated_at=1773853592,77303721_to_be_known_well.html,1773853592,2026-08-15T03:39:49.602308+00:00,skipped_already_exists
https://archiveofourown.org/works/66234415,https://archiveofourown.org/downloads/66234415/where_art_thou_why_not.html?updated_at=1770304726,66234415_where_art_thou_why_not.html,1770304726,2026-08-15T03:39:49.602351+00:00,skipped_already_exists
https://archiveofourown.org/works/66656089,https://archiveofourown.org/downloads/66656089/The_Poison_Im_Drawn_to.html?updated_at=1775274367,66656089_the_poison_im_drawn_to.html,1775274367,2026-08-15T03:39:49.602395+00:00,skipped_already_exists
https://archiveofourown.org/works/71416136,https://archiveofourown.org/downloads/71416136/The_Strawberry_Thief.html?updated_at=1783247367,71416136_the_strawberry_thief.html,1783247367,2026-08-15T03:39:49.602441+00:00,skipped_already_exists
https://archiveofourown.org/works/80258711,https://archiveofourown.org/downloads/80258711/Ri-0.html?updated_at=1782996887,80258711_ri-0.html,1782996887,2026-08-15T03:39:49.602484+00:00,skipped_already_exists
https://archiveofourown.org/works/76014136,https://archiveofourown.org/downloads/76014136/material_substance.html?updated_at=1773088104,76014136_material_substance.html,1773088104,2026-08-15T03:39:49.602537+00:00,skipped_already_exists
https://archiveofourown.org/works/80705996,https://archiveofourown.org/downloads/80705996/Too_Sweet.html?updated_at=1785953561,80705996_too_sweet.html,1785953561,2026-08-15T03:39:49.602629+00:00,skipped_already_exists
https://archiveofourown.org/works/80271671,https://archiveofourown.org/downloads/80271671/Help_Im_Alive.html?updated_at=1774926100,80271671_help_im_alive.html,1774926100,2026-08-15T03:39:49.966920+00:00,success
https://archiveofourown.org/works/80219316,https://archiveofourown.org/downloads/80219316/cake_by_the_pound.html?updated_at=1784339906,80219316_cake_by_the_pound.html,1784339906,2026-08-15T03:39:59.969125+00:00,skipped_already_exists
https://archiveofourown.org/works/80139521,https://archiveofourown.org/downloads/80139521/love_poetry_biology.html?updated_at=1782954111,80139521_love_poetry_biology.html,1782954111,2026-08-15T03:39:59.969479+00:00,skipped_already_exists
https://archiveofourown.org/works/65829805,https://archiveofourown.org/downloads/65829805/dea_pascit_corvos.html?updated_at=1782899257,65829805_dea_pascit_corvos.html,1782899257,2026-08-15T03:40:00.359551+00:00,success
https://archiveofourown.org/works/62248085,https://archiveofourown.org/downloads/62248085/so_my_mother-in-law_is.html?updated_at=1742242797,62248085_so_my_mother-in-law_is.html,1742242797,2026-08-15T03:40:10.635876+00:00,success
https://archiveofourown.org/works/79774441,https://archiveofourown.org/downloads/79774441/I_Am_No_Mother_I_Am_No.html?updated_at=1778264616,79774441_i_am_no_mother_i_am_no.html,1778264616,2026-08-15T03:40:20.640079+00:00,skipped_already_exists
https://archiveofourown.org/works/65824672,https://archiveofourown.org/downloads/65824672/Nightmare_of_a_Dream.html?updated_at=1748036360,65824672_nightmare_of_a_dream.html,1748036360,2026-08-15T03:40:21.068007+00:00,success
https://archiveofourown.org/works/79671146,https://archiveofourown.org/downloads/79671146/Perfect_Catch.html?updated_at=1771259265,79671146_perfect_catch.html,1771259265,2026-08-15T03:40:31.068629+00:00,skipped_already_exists
https://archiveofourown.org/works/65764210,https://archiveofourown.org/downloads/65764210/The_Teacher_Trap.html?updated_at=1780493324,65764210_the_teacher_trap.html,1780493324,2026-08-15T03:40:31.068796+00:00,skipped_already_exists
https://archiveofourown.org/works/77737251,https://archiveofourown.org/downloads/77737251/Primadonna.html?updated_at=1775491353,77737251_primadonna.html,1775491353,2026-08-15T03:40:31.068878+00:00,skipped_already_exists
https://archiveofourown.org/works/63343102,https://archiveofourown.org/downloads/63343102/Wicked_Game.html?updated_at=1784674518,63343102_wicked_game.html,1784674518,2026-08-15T03:40:31.068955+00:00,skipped_already_exists
https://archiveofourown.org/works/70120581,https://archiveofourown.org/downloads/70120581/One_Happy_Camper.html?updated_at=1771007742,70120581_one_happy_camper.html,1771007742,2026-08-15T03:40:31.069029+00:00,skipped_already_exists
https://archiveofourown.org/works/75050276,https://archiveofourown.org/downloads/75050276/Next_time_you_call_Ill.html?updated_at=1776181156,75050276_next_time_you_call_ill.html,1776181156,2026-08-15T03:40:31.069108+00:00,skipped_already_exists
https://archiveofourown.org/works/79317116,https://archiveofourown.org/downloads/79317116/you_dont_need_a.html?updated_at=1770848780,79317116_you_dont_need_a.html,1770848780,2026-08-15T03:40:31.069182+00:00,skipped_already_exists
https://archiveofourown.org/works/79316676,https://archiveofourown.org/downloads/79316676/Serpents_Stone.html?updated_at=1771428911,79316676_serpents_stone.html,1771428911,2026-08-15T03:40:31.069275+00:00,skipped_already_exists
https://archiveofourown.org/works/75614091,https://archiveofourown.org/downloads/75614091/I_see_you_youre_walking.html?updated_at=1776468653,75614091_i_see_you_youre_walking.html,1776468653,2026-08-15T03:40:31.069351+00:00,skipped_already_exists
https://archiveofourown.org/works/64606348,https://archiveofourown.org/downloads/64606348/God_is_a_woman.html?updated_at=1770542361,64606348_god_is_a_woman.html,1770542361,2026-08-15T03:40:31.491554+00:00,success
https://archiveofourown.org/works/78965396,https://archiveofourown.org/downloads/78965396/Youre_My_Burial_Ground.html?updated_at=1783561626,78965396_youre_my_burial_ground.html,1783561626,2026-08-15T03:40:41.494213+00:00,skipped_already_exists
https://archiveofourown.org/works/75396556,https://archiveofourown.org/downloads/75396556/Dont_Handle_Me_with_Care.html?updated_at=1776285508,75396556_dont_handle_me_with_care.html,1776285508,2026-08-15T03:40:41.851522+00:00,success
https://archiveofourown.org/works/61850398,https://archiveofourown.org/downloads/61850398/High_Infidelity.html?updated_at=1768415918,61850398_high_infidelity.html,1768415918,2026-08-15T03:40:51.854669+00:00,skipped_already_exists
https://archiveofourown.org/works/77249811,https://archiveofourown.org/downloads/77249811/I_Didnt_Ask_For_This.html?updated_at=1779950948,77249811_i_didnt_ask_for_this.html,1779950948,2026-08-15T03:40:51.854785+00:00,skipped_already_exists
https://archiveofourown.org/works/62024398,https://archiveofourown.org/downloads/62024398/Somewhere_Only_We_Know_A.html?updated_at=1760910620,62024398_somewhere_only_we_know_a.html,1760910620,2026-08-15T03:40:51.854864+00:00,skipped_already_exists
https://archiveofourown.org/works/73680001,https://archiveofourown.org/downloads/73680001/Feel_it_BurnWatch_it.html?updated_at=1767833406,73680001_feel_it_burnwatch_it.html,1767833406,2026-08-15T03:40:51.854935+00:00,skipped_already_exists
https://archiveofourown.org/works/73047636,https://archiveofourown.org/downloads/73047636/Everlong.html?updated_at=1761957503,73047636_everlong.html,1761957503,2026-08-15T03:40:52.171545+00:00,success
https://archiveofourown.org/works/60780265,https://archiveofourown.org/downloads/60780265/Vidal_Books.html?updated_at=1776839560,60780265_vidal_books.html,1776839560,2026-08-15T03:41:02.177000+00:00,skipped_already_exists
https://archiveofourown.org/works/69317051,https://archiveofourown.org/downloads/69317051/i_let_my_head_spin_take.html?updated_at=1785580819,69317051_i_let_my_head_spin_take.html,1785580819,2026-08-15T03:41:02.647766+00:00,success
https://archiveofourown.org/works/64778476,https://archiveofourown.org/downloads/64778476/By_Blood_and_Bloom.html?updated_at=1753368509,64778476_by_blood_and_bloom.html,1753368509,2026-08-15T03:41:12.651463+00:00,skipped_already_exists
https://archiveofourown.org/works/61419481,https://archiveofourown.org/downloads/61419481/merry_christmas_i_think.html?updated_at=1753834585,61419481_merry_christmas_i_think.html,1753834585,2026-08-15T03:41:12.975074+00:00,success
https://archiveofourown.org/works/65690266,https://archiveofourown.org/downloads/65690266/Certified_Pre-Owned.html?updated_at=1747632592,65690266_certified_pre-owned.html,1747632592,2026-08-15T03:41:22.979564+00:00,skipped_already_exists
https://archiveofourown.org/works/72701616,https://archiveofourown.org/downloads/72701616/War_of_Hearts.html?updated_at=1783278856,72701616_war_of_hearts.html,1783278856,2026-08-15T03:41:22.979728+00:00,skipped_already_exists
https://archiveofourown.org/works/66586843,https://archiveofourown.org/downloads/66586843/Eight.html?updated_at=1766004682,66586843_eight.html,1766004682,2026-08-15T03:41:23.430273+00:00,success
https://archiveofourown.org/works/73832301,https://archiveofourown.org/downloads/73832301/The_bartender_and_the.html?updated_at=1781020759,73832301_the_bartender_and_the.html,1781020759,2026-08-15T03:41:33.743317+00:00,success
https://archiveofourown.org/works/75201581,https://archiveofourown.org/downloads/75201581/lost_for_words.html?updated_at=1781987916,75201581_lost_for_words.html,1781987916,2026-08-15T03:41:44.069823+00:00,success
https://archiveofourown.org/works/62935369,https://archiveofourown.org/downloads/62935369/love_offline.html?updated_at=1778621766,62935369_love_offline.html,1778621766,2026-08-15T03:41:54.072687+00:00,skipped_already_exists
https://archiveofourown.org/works/73152711,https://archiveofourown.org/downloads/73152711/Youre_Welcome_to_Try_You.html?updated_at=1779331978,73152711_youre_welcome_to_try_you.html,1779331978,2026-08-15T03:41:54.072799+00:00,skipped_already_exists
https://archiveofourown.org/works/70740846,https://archiveofourown.org/downloads/70740846/Softballs_A_Witch.html?updated_at=1762337280,70740846_softballs_a_witch.html,1762337280,2026-08-15T03:41:54.072918+00:00,skipped_already_exists
https://archiveofourown.org/works/64941802,https://archiveofourown.org/downloads/64941802/Work_and_Play_Ball.html?updated_at=1761256143,64941802_work_and_play_ball.html,1761256143,2026-08-15T03:41:54.073042+00:00,skipped_already_exists
https://archiveofourown.org/works/68063521,https://archiveofourown.org/downloads/68063521/What_the_Body_Knows.html?updated_at=1758068245,68063521_what_the_body_knows.html,1758068245,2026-08-15T03:41:54.073157+00:00,skipped_already_exists
https://archiveofourown.org/works/60667915,https://archiveofourown.org/downloads/60667915/you_look_so_pretty_when.html?updated_at=1735706183,60667915_you_look_so_pretty_when.html,1735706183,2026-08-15T03:41:54.073270+00:00,skipped_already_exists
https://archiveofourown.org/works/65781856,https://archiveofourown.org/downloads/65781856/just_hold_on.html?updated_at=1747888009,65781856_just_hold_on.html,1747888009,2026-08-15T03:41:54.073389+00:00,skipped_already_exists
https://archiveofourown.org/works/64803190,https://archiveofourown.org/downloads/64803190/astonishment_and_joy.html?updated_at=1775835950,64803190_astonishment_and_joy.html,1775835950,2026-08-15T03:41:54.379225+00:00,success
https://archiveofourown.org/works/66675667,https://archiveofourown.org/downloads/66675667/youll_find_me_on_my.html?updated_at=1760720244,66675667_youll_find_me_on_my.html,1760720244,2026-08-15T03:42:04.381718+00:00,skipped_already_exists
https://archiveofourown.org/works/60739120,https://archiveofourown.org/downloads/60739120/For_You_To_Be_Still.html?updated_at=1732210081,60739120_for_you_to_be_still.html,1732210081,2026-08-15T03:42:04.381751+00:00,skipped_already_exists
https://archiveofourown.org/works/72357056,https://archiveofourown.org/downloads/72357056/The_Birthday_Gift.html?updated_at=1784919326,72357056_the_birthday_gift.html,1784919326,2026-08-15T03:42:04.381773+00:00,skipped_already_exists
https://archiveofourown.org/works/63986338,https://archiveofourown.org/downloads/63986338/Chance_to_Fix.html?updated_at=1750430587,63986338_chance_to_fix.html,1750430587,2026-08-15T03:42:04.381792+00:00,skipped_already_exists
https://archiveofourown.org/works/65733829,https://archiveofourown.org/downloads/65733829/juxtaposition_in_fate.html?updated_at=1749311816,65733829_juxtaposition_in_fate.html,1749311816,2026-08-15T03:42:04.381815+00:00,skipped_already_exists
https://archiveofourown.org/works/66930835,https://archiveofourown.org/downloads/66930835/Theres_Something_Just_a.html?updated_at=1766636387,66930835_theres_something_just_a.html,1766636387,2026-08-15T03:42:04.381832+00:00,skipped_already_exists
https://archiveofourown.org/works/61403194,https://archiveofourown.org/downloads/61403194/kaleidoscope.html?updated_at=1747039607,61403194_kaleidoscope.html,1747039607,2026-08-15T03:42:04.381849+00:00,skipped_already_exists
https://archiveofourown.org/works/64844032,https://archiveofourown.org/downloads/64844032/garden_of_eden.html?updated_at=1780881250,64844032_garden_of_eden.html,1780881250,2026-08-15T03:42:04.381867+00:00,skipped_already_exists
https://archiveofourown.org/works/70415451,https://archiveofourown.org/downloads/70415451/The_Witches_Bodyguard.html?updated_at=1776910186,,1776910186,2026-08-15T03:42:34.385146+00:00,"network_error: HTTPSConnectionPool(host='archiveofourown.org', port=443): Read timed out. (read timeout=30)"
https://archiveofourown.org/works/66258856,https://archiveofourown.org/downloads/66258856/I_follow_your_perfume.html?updated_at=1749865493,66258856_i_follow_your_perfume.html,1749865493,2026-08-15T03:42:44.389959+00:00,skipped_already_exists
https://archiveofourown.org/works/62615323,https://archiveofourown.org/downloads/62615323/Questions.html?updated_at=1761409456,62615323_questions.html,1761409456,2026-08-15T03:42:44.390130+00:00,skipped_already_exists
https://archiveofourown.org/works/63442861,https://archiveofourown.org/downloads/63442861/what_if_my_heart_belongs.html?updated_at=1783255479,63442861_what_if_my_heart_belongs.html,1783255479,2026-08-15T03:42:44.793294+00:00,success
https://archiveofourown.org/works/64714843,https://archiveofourown.org/downloads/64714843/Five_Days_Four_Nights.html?updated_at=1744734380,64714843_five_days_four_nights.html,1744734380,2026-08-15T03:42:55.081520+00:00,success
https://archiveofourown.org/works/65873035,https://archiveofourown.org/downloads/65873035/Im_Yours.html?updated_at=1748161653,65873035_im_yours.html,1748161653,2026-08-15T03:43:05.084300+00:00,skipped_already_exists
https://archiveofourown.org/works/65819008,https://archiveofourown.org/downloads/65819008/kiss_my_petals_weave_me.html?updated_at=1776181156,65819008_kiss_my_petals_weave_me.html,1776181156,2026-08-15T03:43:05.084528+00:00,skipped_already_exists
https://archiveofourown.org/works/62385640,https://archiveofourown.org/downloads/62385640/want_take_have.html?updated_at=1778621766,62385640_want_take_have.html,1778621766,2026-08-15T03:43:05.084682+00:00,skipped_already_exists
https://archiveofourown.org/works/60439222,https://archiveofourown.org/downloads/60439222/Ill_follow_you_down_til.html?updated_at=1780914633,60439222_ill_follow_you_down_til.html,1780914633,2026-08-15T03:43:05.084805+00:00,skipped_already_exists
https://archiveofourown.org/works/62356414,https://archiveofourown.org/downloads/62356414/If_youre_not_falling.html?updated_at=1743439984,62356414_if_youre_not_falling.html,1743439984,2026-08-15T03:43:05.084891+00:00,skipped_already_exists
https://archiveofourown.org/works/65003722,https://archiveofourown.org/downloads/65003722/i_dont_care_that_youre_a.html?updated_at=1758523608,65003722_i_dont_care_that_youre_a.html,1758523608,2026-08-15T03:43:05.084966+00:00,skipped_already_exists
https://archiveofourown.org/works/63598684,https://archiveofourown.org/downloads/63598684/Second_Chances.html?updated_at=1763850926,63598684_second_chances.html,1763850926,2026-08-15T03:43:05.085052+00:00,skipped_already_exists
https://archiveofourown.org/works/64291306,https://archiveofourown.org/downloads/64291306/Pushing_It_Down_and.html?updated_at=1771386655,64291306_pushing_it_down_and.html,1771386655,2026-08-15T03:43:05.085131+00:00,skipped_already_exists
https://archiveofourown.org/works/60017602,https://archiveofourown.org/downloads/60017602/the_witchy_CEO.html?updated_at=1784223429,60017602_the_witchy_ceo.html,1784223429,2026-08-15T03:43:05.085207+00:00,skipped_already_exists
https://archiveofourown.org/works/65811607,https://archiveofourown.org/downloads/65811607/Ill_Give_What_I_Get.html?updated_at=1748016419,65811607_ill_give_what_i_get.html,1748016419,2026-08-15T03:43:05.085349+00:00,skipped_already_exists
https://archiveofourown.org/works/63212776,https://archiveofourown.org/downloads/63212776/Inexplicable.html?updated_at=1776468790,63212776_inexplicable.html,1776468790,2026-08-15T03:43:05.085435+00:00,skipped_already_exists
https://archiveofourown.org/works/61448059,https://archiveofourown.org/downloads/61448059/immovable_object.html?updated_at=1745535411,61448059_immovable_object.html,1745535411,2026-08-15T03:43:05.085512+00:00,skipped_already_exists
https://archiveofourown.org/works/62368990,https://archiveofourown.org/downloads/62368990/Written_in_the_Stars.html?updated_at=1745535353,62368990_written_in_the_stars.html,1745535353,2026-08-15T03:43:05.478815+00:00,success
https://archiveofourown.org/works/63145963,https://archiveofourown.org/downloads/63145963/Its_strictly_business.html?updated_at=1785443716,63145963_its_strictly_business.html,1785443716,2026-08-15T03:43:15.479533+00:00,skipped_already_exists
https://archiveofourown.org/works/71054176,https://archiveofourown.org/downloads/71054176/Somebody_to_Hold.html?updated_at=1783684298,71054176_somebody_to_hold.html,1783684298,2026-08-15T03:43:15.479605+00:00,skipped_already_exists
