work_url,download_url
https://archiveofourown.org/works/65824672,https://archiveofourown.org/downloads/65824672/Nightmare_of_a_Dream.html?updated_at=1748036360
https://archiveofourown.org/works/62107414,https://archiveofourown.org/downloads/62107414/Crimson.html?updated_at=1745535361
https://archiveofourown.org/works/69117076,https://archiveofourown.org/downloads/69117076/the_winner_takes_it_all.html?updated_at=1785187567
https://archiveofourown.org/works/70415451,https://archiveofourown.org/downloads/70415451/The_Witches_Bodyguard.html?updated_at=1776910186
https://archiveofourown.org/works/86390816,https://archiveofourown.org/downloads/86390816/All_the_Wild_Horses.html?updated_at=1783303306
https://archiveofourown.org/works/64606348,https://archiveofourown.org/downloads/64606348/God_is_a_woman.html?updated_at=1770542361
https://archiveofourown.org/works/75396556,https://archiveofourown.org/downloads/75396556/Dont_Handle_Me_with_Care.html?updated_at=1776285508
https://archiveofourown.org/works/73047636,https://archiveofourown.org/downloads/73047636/Everlong.html?updated_at=1761957503
https://archiveofourown.org/works/69317051,https://archiveofourown.org/downloads/69317051/i_let_my_head_spin_take.html?updated_at=1785580819
https://archiveofourown.org/works/61419481,https://archiveofourown.org/downloads/61419481/merry_christmas_i_think.html?updated_at=1753834585
https://archiveofourown.org/works/66586843,https://archiveofourown.org/downloads/66586843/Eight.html?updated_at=1766004682
https://archiveofourown.org/works/73832301,https://archiveofourown.org/downloads/73832301/The_bartender_and_the.html?updated_at=1781020759
https://archiveofourown.org/works/64803190,https://archiveofourown.org/downloads/64803190/astonishment_and_joy.html?updated_at=1775835950
https://archiveofourown.org/works/64714843,https://archiveofourown.org/downloads/64714843/Five_Days_Four_Nights.html?updated_at=1744734380
https://archiveofourown.org/works/87610031,https://archiveofourown.org/downloads/87610031/Couples_Retreat.html?updated_at=1786222853
https://archiveofourown.org/works/60284566,https://archiveofourown.org/downloads/60284566/Behind_the_Curtain.html?updated_at=1782616985
https://archiveofourown.org/works/87086406,https://archiveofourown.org/downloads/87086406/Ill_Be_Your_Reason.html?updated_at=1783961971
https://archiveofourown.org/works/86303191,https://archiveofourown.org/downloads/86303191/No_Dead_Men_No_Tales.html?updated_at=1781888382
https://archiveofourown.org/works/82835526,https://archiveofourown.org/downloads/82835526/The_Promise_of_Always.html?updated_at=1786143861
https://archiveofourown.org/works/80132946,https://archiveofourown.org/downloads/80132946/I_swear_Id_be_in_peace.html?updated_at=1785809735
https://archiveofourown.org/works/89748311,https://archiveofourown.org/downloads/89748311/Instantaneously.html?updated_at=1785988383
https://archiveofourown.org/works/88386426,https://archiveofourown.org/downloads/88386426/Time_cast_a_spell_on_you.html?updated_at=1786146589
https://archiveofourown.org/works/89727896,https://archiveofourown.org/downloads/89727896/Thats_Not_My_Name.html?updated_at=1785680816
https://archiveofourown.org/works/89153226,https://archiveofourown.org/downloads/89153226/it_made_me_think_of_you.html?updated_at=1785528053
https://archiveofourown.org/works/86744236,https://archiveofourown.org/downloads/86744236/The_Forgeries_of_Fools.html?updated_at=1782308768
https://archiveofourown.org/works/86318591,https://archiveofourown.org/downloads/86318591/Flowers_in_the_Water.html?updated_at=1782060819
https://archiveofourown.org/works/86378576,https://archiveofourown.org/downloads/86378576/Got_Me_On_My_Knees_Have.html?updated_at=1781567760
https://archiveofourown.org/works/86171991,https://archiveofourown.org/downloads/86171991/The_Times.html?updated_at=1784706138
https://archiveofourown.org/works/65697490,https://archiveofourown.org/downloads/65697490/I_Now_Pronounce_You.html?updated_at=1780493324
https://archiveofourown.org/works/83292511,https://archiveofourown.org/downloads/83292511/calleth_you_cometh_i.html?updated_at=1784987002
https://archiveofourown.org/works/62486611,https://archiveofourown.org/downloads/62486611/if_we_stay_swimming_here.html?updated_at=1780367106
https://archiveofourown.org/works/79932611,https://archiveofourown.org/downloads/79932611/Knock_Me_Out_And_Kiss_it.html?updated_at=1779806894
https://archiveofourown.org/works/80271671,https://archiveofourown.org/downloads/80271671/Help_Im_Alive.html?updated_at=1774926100
https://archiveofourown.org/works/65829805,https://archiveofourown.org/downloads/65829805/dea_pascit_corvos.html?updated_at=1782899257
https://archiveofourown.org/works/62248085,https://archiveofourown.org/downloads/62248085/so_my_mother-in-law_is.html?updated_at=1742242797
https://archiveofourown.org/works/75201581,https://archiveofourown.org/downloads/75201581/lost_for_words.html?updated_at=1781987916
https://archiveofourown.org/works/63442861,https://archiveofourown.org/downloads/63442861/what_if_my_heart_belongs.html?updated_at=1783255479
https://archiveofourown.org/works/62368990,https://archiveofourown.org/downloads/62368990/Written_in_the_Stars.html?updated_at=1745535353