tag,count,example_titles
happy ending,31,An Unexpected Visitor | The Neutral Ground | but i love you just the same
idiots in love,29,Underneath the Tree | Close Enough for Love | Blossoms and Birds
top rio vidal,27,"i'm leaving here with you | The gold and the rust, the color erupts | for you, i would cross the line"
eventual happy ending,25,Death's Echo | A Kingdom by the Night | hopeless (breathless) burning slow
choking,23,The Bad Thing | Crescendo | You're awful. I love you!
bottom agatha harkness,21,"i'm leaving here with you | The gold and the rust, the color erupts | my safeword is safeword"
protective rio vidal,19,Love Persevering | If This Was A Movie | Somewhere Only We Know ~ A Professor AU
rio vidal needs a hug,19,Love Persevering | Blossoms and Birds | If This Was A Movie
spanking,17,"Blossoms and Birds | my safeword is safeword | for you, i would cross the line"
top agatha harkness,17,Blossoms and Birds | The art of keeping a secret | i'm leaving here with you
alpha rio vidal,16,I'll follow you down til' the sound of my voice will haunt you | Reaching Out For More | How It Started
biting,14,my safeword is safeword | Crimson | You're awful. I love you!
omega agatha harkness,14,I'll follow you down til' the sound of my voice will haunt you | Reaching Out For More | How It Started
degradation,13,God Knows You Need It | the case of the robbery gone wrong | Put It On The Line
eventual romance,13,"Take Me, Baby, Or Leave Me | Sugar and Honey | my love, mine, all mine"
pregnancy,13,Inexplicable | All the Things We Could Do | Second Chances
protective agatha harkness,13,Love Persevering | At the Still Point of the Turning World | Unlock Thy Hidden Gate
bad parent evanora harkness,12,Vidal Books | It'll All Work Out | Somewhere Only We Know ~ A Professor AU
implied/referenced child abuse,12,The World Reversed | High Infidelity | Catch Me When I Fall for You
soulmates,12,Underneath the Tree | Heavy is the Crown | Purple and Green
agatha harkness and rio vidal are nicholas scratch's parents,11,Love Persevering | I Could Not Stop For Death | Rio’S Toxic Embrace
found family,11,"Take Me, Baby, Or Leave Me | Here With You Now | At the Still Point of the Turning World"
miscommunication,11,"my safeword is safeword | get you where you wanna go, if you know what i mean | i wonder which cup you'll drink from (i hope it's mine)"
rio vidal speaks spanish,11,Underneath the Tree | Close Enough for Love | Unlock Thy Hidden Gate
agathario,10,Behind the Curtain | Fold Your Wings | Decemberism
bottom rio vidal,10,Blossoms and Birds | The art of keeping a secret | i'm leaving here with you
butch rio vidal,10,this time you won’t leave me sinking | what a terrifying work of art | Put It On The Line
minor character death,10,The Tales of New Salem | But We Can't | the case of the robbery gone wrong
autistic rio vidal,9,High Infidelity | feel the love of her caress (she will be your living end) | I’ll hear you even when you can’t speak
panic attacks,9,"Unmoored by your Presence | The gold and the rust, the color erupts | The World Reversed"
pov agatha harkness,9,"Let Go | want, take, have | Not My Type"
rio vidal has a penis,9,"baby, it's fate, not luck | where art thou, why not uponeth me? | The Witch and The Wolf"
romance,9,Agathario Fake Dating AU | Roommates of Destruction | The Best Medicine
aaafluffweek2026,8,Ice Chips | Just Like a Tattoo | FYC: What if?
agatha harkness is a brat,8,my safeword is safeword | Cool About it | Mirrorball
butch agatha harkness,8,the case of the robbery gone wrong | this time you won’t leave me sinking | Put It On The Line
past child abuse,8,"Close Enough for Love | my safeword is safeword | I'm Sorry, I Love You"
rio vidal is death,8,Love Persevering | all roads lead to this | Rio’S Toxic Embrace
business agatha,7,Talk Some Sense to Me | Now We Drop Our Composure | All The Time In The World
ceo agatha harkness,7,Sugar and Honey | it's never quite as it seems (hi—you've got mail) | Naughty &amp; Nice
child loss,7,"Take Me, Baby, Or Leave Me | I'm Sorry, I Love You | God Knows You Need It"
childhood trauma,7,My Cries and Your Whispers | Catch Me When I Fall for You | War of Hearts
christmas,7,Underneath the Tree | Happiest Season | Naughty &amp; Nice
femme rio vidal,7,One Happy Camper | breathe into me and make me real | You're My Burial Ground
mechanic rio,7,Talk Some Sense to Me | Now We Drop Our Composure | All The Time In The World
murder,7,I'll follow you down til' the sound of my voice will haunt you | Number 13 | God Knows You Need It
pov rio vidal,7,"let loose your longing | my love, mine, all mine | my safeword is safeword"
professor agatha harkness,7,Unmoored by your Presence | At the Still Point of the Turning World | The World Reversed
trauma,7,Death's Echo | The World Reversed | For the Love of Spring
butch/femme,6,Cool About it | Secrets &amp; Suspenders | Primadonna
exes,6,"Take Me, Baby, Or Leave Me | Happiest Season | visions of a life"
fbi agent rio vidal,6,"Take Me, Baby, Or Leave Me | everybody knows that i'm a good girl, officer | Mrs &amp; Mrs Harkness-Vidal"
first meetings,6,A Kingdom by the Night | I Was Your Starry Eyed Lover and the One That You Saw | what if my heart belongs to you?
first time,6,"Purple and Green | You'd have to stop the world | for you, i would cross the line"
lawyer agatha harkness,6,my safeword is safeword | It's strictly business | I'll Be Your Garbage Man
nonbinary rio vidal,6,What a Night | 11:11 | Somebody to Hold
recreational drug use,6,Well I Wonder | put your fangs in me | Awards Season
rio vidal is older than agatha harkness,6,"Can't Be a Good Girl, Even If I Tried | I follow your perfume | what a terrifying work of art"
unplanned pregnancy,6,you'll just have to taste me (when she's kissin' you) | Do I Cross Your Mind? ('Cause You've Always Been  On Mine) | I Wanna Be Yours///You're All I Want
witches,6,Broken Deal | my boy builds coffins | Agatha All Along Week 2025
adoption,5,"Fold Your Wings | At the Still Point of the Turning World | honey, you're familiar"
agatha harkness has a penis,5,I'm Yours | cake by the pound | Too Sweet
agatha harkness needs therapy,5,How It Started | just hold on | the road not taken (among the wildflowers)
arranged marriage,5,albatross | War of Hearts | Leaning Out for Love
begging,5,You're Welcome to Try (You Wouldn't Be the First One to Fail) | I swear I’d be in peace if it wasn’t for you | cake by the pound
blood,5,Somewhere Only We Know ~ A Professor AU | if we stay swimming here forever we will never be free | All the Things We Could Do
boss/employee relationship,5,Dearest Agatha | the way i feel about you baby can’t explain it | 'til storm breaks loose
british agatha harkness,5,But We Can't | We're Never Done | We Go Again
good boy rio,5,"Well I Wonder | Glitter, Glue, and Signs of Life | i wonder which cup you'll drink from (i hope it's mine)"
knotting,5,I'm Yours | I follow your perfume | I Sure Know Mating Calls
love confessions,5,For the Love of Spring | Catch Me When I Fall for You | Falling for the Enemy
neurospicy rio,5,All The Time In The World | We Don't Fit In The Grand Design | 'Cause Nobody Knows You Better
no beta,5,"Rio’S Toxic Embrace | Somewhere Only We Know ~ A Professor AU | If I Can’t Reach You, Let My Song Teach You"
no beta we die like sharon,5,Vidal Books | Questions | The Oxwood
not wanda maximoff friendly,5,hopeless (breathless) burning slow | my safeword is safeword | it had to be you
professor rio vidal,5,summa cum laude | Story Time | Somewhere Only We Know ~ A Professor AU
strapping,5,"sex, love, unholy truth | If I Can’t Reach You, Let My Song Teach You | All The Time In The World"
switchy switchy witches,5,"Glitter, Glue, and Signs of Life | God Knows You Need It | you may not be mine (but i could be yours)"
these witches be switches,5,A Kingdom by the Night | i'm leaving here with you | I'll follow you down til' the sound of my voice will haunt you
they/them pronouns for rio vidal,5,"Somebody to Hold | Leaning Out for Love | calleth you, cometh i"
violence,5,"Catch Me When I Fall for You | Can't Be a Good Girl, Even If I Tried | God is a woman"
actress agatha harkness,4,Time Warp | Reaching Out For More | The Witches Bodyguard
agatha is a menace,4,Mirrorball | The Witches Bodyguard | Don't Handle Me with Care
agathario big bang 2026,4,"No Light, No Light | Crystalline Knowledge of You | Master of Restraint (with notable exceptions)"
ass play,4,Inexplicable | God Knows You Need It | 11:11
banter,4,"Within Reach | i don’t care that you’re a stoner (fall right into me) | where art thou, why not uponeth me?"
blood and gore,4,For You To Be Still | Agatha All Along Week 2025 | Strangers On A Train
blood and injury,4,"Pushing It Down and Praying | In The Shadows of the Pines | oh, but she burns"
bratty bottom agatha harkness,4,I like the way you still say please (while you're looking up at me) | You Make Loving Fun | Harkness Pathology
child death,4,"Death's Echo | Take Me, Baby, Or Leave Me | I'm Sorry, I Love You"
childhood sweethearts,4,"Take Me, Baby, Or Leave Me | the road not taken (among the wildflowers) | Would You Stay By My Side..."
co-workers,4,"The art of keeping a secret | If you’re not falling, you’re not trying | material substance"
come eating,4,"and therefore is love said to be a child | where art thou, why not uponeth me? | The Bells"
creampie,4,it's just in my nature | you're gonna kill me if you kiss it like that | Wouldn't You Love to Love Her
domestic agathario,4,"Talk Some Sense to Me | We Don't Fit In The Grand Design | Oh, The Sunlit Haze"
emotional/psychological abuse,4,For You To Be Still | A Tentative Ellipsis (the parting of your lips and the ache in your eyes) | War of Hearts
face slapping,4,it's just in my nature | You're Welcome to Try (You Wouldn't Be the First One to Fail) | Got Me On My Knees (Have You Any Mercy?)
falling in love,4,Agathario Fake Dating AU | what if my heart belongs to you? | Chance to Fix
fighting as foreplay,4,my safeword is safeword | Master of Restraint (with notable exceptions) | I Sure Know Mating Calls
flashbacks,4,'til storm breaks loose | The World Reversed | Growth &amp; Decay
fpreg | female/female pregnancy,4,Going Viral | Rules for Co-Parenting With Your Witch of an Ex | Somebody to Hold
g!p,4,if we stay swimming here forever we will never be free | Do I Cross Your Mind? ('Cause You've Always Been  On Mine) | One Happy Camper
grinding,4,You're awful. I love you! | Catch Me When I Fall for You | cake by the pound
gun violence,4,"Can't Be a Good Girl, Even If I Tried | Would You Stay By My Side... | ...When I'm Working On Me"
humiliation,4,God Knows You Need It | this time you won’t leave me sinking | Put It On The Line
impact play,4,Blossoms and Birds | my safeword is safeword | God Knows You Need It
implied/referenced drug use,4,I'll Be Your Garbage Man | Rules of the Game | into my arms
latina rio vidal,4,Close Enough for Love | summa cum laude | Wrong Number
lesbian character,4,Broken Deal | the peculiar patient | Chance to Fix
light choking,4,"Wicked Witchcraft | honey, you're familiar | alambre púa"
magical pregnancy,4,"A Kingdom by the Night | Tempus, Voluntas, Spatium | Rawr! Means I Love You in Dinosaur"
married agatha harkness/rio vidal,4,Somewhere Only We Know ~ A Professor AU | Number 13 | Beneath the scars
mental health issues,4,"Take Me, Baby, Or Leave Me | Catch Me When I Fall for You | War of Hearts"
older agatha harkness,4,you may not be mine (but i could be yours) | breathe into me and make me real | cake by the pound
older rio vidal,4,"Scratch Paternity (Put A Baby In Me) | you made me feel / shiny and new | immovable object, unstoppable force"
one shot,4,The Birthday Gift | When the Wolfbane Blooms | Crystalline Knowledge of You
pregnant agatha harkness,4,"Somewhere Only We Know ~ A Professor AU | love, offline | Ibiza"
reconciliation,4,"so what if i call and you pick up the phone? (merry christmas, i miss you) | she looks like the real thing (she tastes like the real thing) | Growth &amp; Decay"
religious trauma,4,"The gold and the rust, the color erupts | Pushing It Down and Praying | God Knows You Need It"
rio vidal is a mess,4,At the Still Point of the Turning World | My Cries and Your Whispers | A drunken menace
sex,4,the peculiar patient | Catch Me When I Fall for You | you got me looking so crazy right now
sex dreams,4,let loose your longing | God Knows You Need It | I'll Be Your Garbage Man
sexual overstimulation,4,she looks like the real thing (she tastes like the real thing) | I Wanna Be Yours///You're All I Want | I Sure Know Mating Calls
single parent agatha harkness,4,walk-ins welcome | Wrong Number | I Didn't Ask For This
stalking,4,If This Was A Movie | You're awful. I love you! | Obsessed
switching,4,Ban All The Music | Number 13 | The Oxwood
teacher-student relationship,4,The Ethics of Attraction | Blossoms and Birds | Unmoored by your Presence
teasing,4,"If you’re not falling, you’re not trying | Wicked Witchcraft | udon know how much I crave you"
younger rio vidal,4,you may not be mine (but i could be yours) | breathe into me and make me real | cake by the pound
aaa fluff week 2026,3,Tell Me All the Ways | sixth time's a charm | Instantaneously
abuse,3,Number 13 | God is a woman | The Bells
agatha harkness is a mess,3,Going Viral | it had to be you | On Call
agatha is 40,3,'til storm breaks loose | The Witches Bodyguard | Women Like You / Women Like Me
alternate universe - fantasy,3,"Heavy is the Crown | Agatha All Along Week 2025 | through fortune and flame, we fall"
and they were roommates,3,Amor Prohibido | Mirrorball | Knock Me Out (And Kiss it Better)
betrayal,3,"When Heartbreak Meets Jealousy | Turn Them In, Turn Them In Now! (You're A Traitor!) | Just Like a Tattoo"
breathplay,3,Number 13 | God Knows You Need It | your kiss got me hoping you'll save me right now
butchfemme agathario,3,"You're My Burial Ground | I Am No Mother, I Am No Bride | Too Sweet"
butt plugs,3,it's just in my nature | You're Welcome to Try (You Wouldn't Be the First One to Fail) | Ice Chips
cat and mouse dynamic,3,"I Tore You Apart In My Head | oh, but she burns | I Tore You Apart In My Head"
catholic guilt,3,you made me feel / shiny and new | Pushing It Down and Praying | Talk Me Through It
character death,3,"Can't Be a Good Girl, Even If I Tried | Help I’m Alive | Life As We Know It"
chatting & messaging,3,summa cum laude | one way or another | alambre púa
child neglect,3,It'll All Work Out | dea pascit corvos | I Didn't Ask For This
childhood friends,3,The Promise of Always | Emergency Contact | The Easiest Part Has Always Been You
chronic illness,3,visions of a life | High Infidelity | The Best Medicine
cock warming,3,The Bad Thing | Put It On The Line | breathe into me and make me real
complicated relationships,3,"Take Me, Baby, Or Leave Me | hopeless (breathless) burning slow | The World Reversed"
consensual workplace relationship,3,"Not Over Dramatic, I Know What I Want. | There's No One Else Who Could, the Only One Is You | I Will Wait Up for You, Dear"
coroner rio,3,I Tore You Apart In My Head | I Want You on Me With Both Your Hands | I Tore You Apart In My Head
crossovers & fandom fusions,3,bitches i don't trust them (but they give me what i want for the night) | Leaning Out for Love | The Oxwood
cum eating,3,Put It On The Line | I Wanna Be Yours///You're All I Want | Wouldn't You Love to Love Her
dark magic,3,"Tempus, Voluntas, Spatium | War of Hearts | Don't be afraid of me (I'm what you need)"
deepthroating,3,waste the night | Put It On The Line | I Sure Know Mating Calls
domestic life,3,Now We Drop Our Composure | All The Time In The World | 'Cause Nobody Knows You Better
evanora harkness being an asshole,3,Rawr! Means I Love You in Dinosaur | Somebody to Hold | Leaning Out for Love
everyone needs a hug,3,It'll All Work Out | All the Things We Could Do | Leaning Out for Love
exes to lovers,3,"Take Me, Baby, Or Leave Me | i'm leaving here with you | I Don't Give a Damn (tomorrow I might)"
face-fucking,3,If This Was A Movie | Pushing It Down and Praying | Put It On The Line
family,3,Where we belong | Catch Me When I Fall for You | Life As We Know It
farmer agatha,3,Lotus flower | All The Time In The World | I'll Be Your Reason
first dates,3,"Blossoms and Birds | what if my heart belongs to you? | where art thou, why not uponeth me?"
first kiss,3,"Purple and Green | give me shelter, give me warmth | she looks like the real thing (she tastes like the real thing)"
forced proximity,3,Heavy is the Crown | Rules of the Game | Couples Retreat
friendship,3,"Take Me, Baby, Or Leave Me | The Beach House | Life As We Know It"
fuckboy agatha harkness,3,"Roster | immovable object, unstoppable force | You Make Loving Fun"
futch agatha harkness,3,"Roses are red, orchids are...purple? | Mirrorball | Shatter Your Illusions"
g!p rio vidal,3,How It Started | Put It On The Line | I Wanna Be Yours///You're All I Want
gender fuckery,3,I follow your perfume | Shatter Your Illusions | The Forgeries of Fools
getting together,3,"she drives me crazy | want, take, have | Life As We Know It"
good boy rio vidal,3,Scherzo | it's just in my nature | udon know how much I crave you
hand jobs,3,Put It On The Line | One Happy Camper | I Sure Know Mating Calls
hospitalization,3,Catch Me When I Fall for You | Somebody to Hold | I Didn't Ask For This
hospitals,3,bitches i don't trust them (but they give me what i want for the night) | Somewhere Only We Know ~ A Professor AU | Reaching Out For More
idiots to lovers,3,why don't you want me? | alambre púa | That's Not My Name
implied/referenced past child abuse,3,hopeless (breathless) burning slow | At the Still Point of the Turning World | I Sure Know Mating Calls
implied/referenced suicide,3,if we stay swimming here forever we will never be free | Power Play | Catch Me When I Fall for You
it gets worse before it gets better,3,"Take Me, Baby, Or Leave Me | Blossoms and Birds | How It Started"
kind of,3,"I Could Not Stop For Death | unsatisfied, i skip my pride | Emergency Contact"
knife play,3,"Can't Be a Good Girl, Even If I Tried | God Knows You Need It | Master of Restraint (with notable exceptions)"
lawyer rio vidal,3,"unsatisfied, i skip my pride | High Infidelity | she looks like the real thing (she tastes like the real thing)"
loss of virginity,3,"One Happy Camper | I Am No Mother, I Am No Bride | Too Sweet"
making out,3,"Take Me, Baby, Or Leave Me | A Tentative Ellipsis (the parting of your lips and the ache in your eyes) | The Oxwood"
marriage of convenience,3,"the road not taken (among the wildflowers) | I Am No Mother, I Am No Bride | Two Left Feet"
medium burn,3,"No Light, No Light | Two Left Feet | through fortune and flame, we fall"
mentions of cancer,3,Power Play | I'm Yours | love = poetry + biology
minor violence,3,"Take Me, Baby, Or Leave Me | the devil you know | The Poison I'm Drawn to"
nerd rio,3,Mirrorball | Feel it Burn//Watch it Glow | Too Sweet
nerd rio vidal,3,The bartender and the nerd. | breathe into me and make me real | The Times
nicholas scratch lives (marvel),3,"If This Was A Movie | Somewhere Only We Know ~ A Professor AU | If I Can’t Reach You, Let My Song Teach You"
nude photos,3,my safeword is safeword | she looks like the real thing (she tastes like the real thing) | Put It On The Line
older rio,3,"Number 13 | the case of the robbery gone wrong | I Am No Mother, I Am No Bride"
overdose,3,if we stay swimming here forever we will never be free | A Tentative Ellipsis (the parting of your lips and the ache in your eyes) | I Didn't Ask For This
past relationship(s),3,"Broken Deal | Life after love (Can we find it again?) | If I Can’t Reach You, Let My Song Teach You"
possessive behavior,3,"An Unexpected Visitor | oh, but she burns | The Birthday Gift"
power bottom agatha harkness,3,"she looks like the real thing (she tastes like the real thing) | Bound By Oath, Undone by You | Primadonna"
praise,3,"the winner takes it all | I Am No Mother, I Am No Bride | Too Sweet"
restraints,3,I like the way you still say please (while you're looking up at me) | you aren’t mine for the taking | Couples Retreat
rio is 26,3,Blossoms and Birds | Cool About it | Women Like You / Women Like Me
rio vidal being a little shit,3,The art of keeping a secret | Rawr! Means I Love You in Dinosaur | Knock Me Out (And Kiss it Better)
rivalry,3,"If you’re not falling, you’re not trying | Work and (Play Ball) | Couples Retreat"
second chances,3,Love Persevering | but i love you just the same | A Tentative Ellipsis (the parting of your lips and the ache in your eyes)
secret relationship,3,At the Still Point of the Turning World | Wrong Number | Put It On The Line
self-discovery,3,"Restraint | the peculiar patient | The gold and the rust, the color erupts"
serial killer agatha,3,I Tore You Apart In My Head | I Want You on Me With Both Your Hands | I Tore You Apart In My Head
serial killer agatha harkness,3,"oh, but she burns | It's Clichéd to be Cynical at Christmas | Don't be afraid of me (I'm what you need)"
service top rio vidal,3,"she looks like the real thing (she tastes like the real thing) | Bound By Oath, Undone by You | you know i'll take my heart clean apart if it helps yours beat"
slice of life,3,I Could Not Stop For Death | Here With You Now | Take It Easy
slowburn,3,velvet ring | I Was Your Starry Eyed Lover and the One That You Saw | Growth &amp; Decay
slowish burn,3,"It's just wild enough to work | Next time you call, I'll be your girl | Even anxious pups need the moon"
social media,3,"want, take, have | love, offline | The Witches Bodyguard"
spanish rio vidal,3,We're Never Done | We Go Again | Grave Mistakes
spitting,3,You're awful. I love you! | You're Welcome to Try (You Wouldn't Be the First One to Fail) | Couples Retreat
temperature play,3,Take it from the top (you are a bottom) | 11:11 | Couples Retreat
therapy,3,Ban All The Music | All the Things We Could Do | just hold on
they're switches your honor,3,Well I Wonder | It's strictly business | Softball's A Witch
thigh riding,3,I'll Be Your Garbage Man | Love me tender | your smile ignites (just like a candlelight)
unreliable narrator,3,The World Reversed | War of Hearts | a different way to be
vampire rio vidal,3,Crimson | There's Something Just a Little More Than Ecstasy | your kiss got me hoping you'll save me right now
witches be switches,3,The Thread Of Fate | Somewhere Only We Know ~ A Professor AU | I Wanna Be Yours///You're All I Want
wlw,3,Thirst (Trap) | The Best Medicine | Growth &amp; Decay
younger agatha harkness,3,"you made me feel / shiny and new | immovable object, unstoppable force | Crescendo"
5+1 things,2,to have the prize of the night | On Call
69 (sex position),2,green is the colour of her kind | The Oxwood
a dog does die,2,Would You Stay By My Side... | ...When I'm Working On Me
aaa week 2025 | agatha all along week 2025,2,"A Refusal of Endings | where art thou, why not uponeth me?"
accidental pregnancy,2,Scratch Paternity (Put A Baby In Me) | Put It On The Line
affairs,2,Wouldn't You Love to Love Her | Let Me Tell You What It Feels Like
agatha all along week 2025,2,The Teacher Trap | The Dare
agatha harkness & wanda maximoff friendship,2,Let Go | If This Was A Movie
agatha harkness being a fuckboy,2,one way or another | Awards Season
agatha harkness is a misandrist,2,I Tore You Apart In My Head | I Tore You Apart In My Head
agatha harkness/rio vidal in love,2,kaleidoscope | Beneath the scars
agatha is 23,2,Cool About it | start me up
agatha is 41,2,"where art thou, why not uponeth me? | when i kissed the teacher"
agatha is a lawyer,2,"Just between us, did the love affair maim you too | the road not taken (among the wildflowers)"
alcohol,2,rumors fly | Into the Mirror
alcohol abuse/alcoholism,2,My Cries and Your Whispers | the road not taken (among the wildflowers)
alpha agatha harkness,2,I'm Yours | I Sure Know Mating Calls
alpha/omega,2,How It Started | Ibiza
alternate universe - flower shop & tattoo parlor,2,"Roses are red, orchids are...purple? | walk-ins welcome"
alternate universe - magic,2,"Rules for Co-Parenting With Your Witch of an Ex | through fortune and flame, we fall"
alternate universe - neighbors,2,"Next time you call, I'll be your girl | find yourself in someone (you were there all along)"
alternate universe - werewolf,2,Everlong | When the Wolfbane Blooms
anything can be justifiable if you're hot enough,2,I Tore You Apart In My Head | I Tore You Apart In My Head
arguing,2,hopeless (breathless) burning slow | she looks like the real thing (she tastes like the real thing)
arranged marriage au,2,Mandevillas | and therefore is love said to be a child
as a treat,2,The Dare | the winner takes it all
asphyxiation,2,I Tore You Apart In My Head | I Tore You Apart In My Head
au,2,astonishment and joy | The Poison I'm Drawn to
autistic rio,2,The Teacher Trap | Mirrorball
bartender agatha,2,Feel it Burn//Watch it Glow | Too Sweet
bath sex,2,"my safeword is safeword | I Am No Mother, I Am No Bride"
bathing/washing,2,hopeless (breathless) burning slow | my safeword is safeword
blindfolds,2,Take it from the top (you are a bottom) | I Sure Know Mating Calls
blood and slight gore,2,Would You Stay By My Side... | ...When I'm Working On Me
blood and violence,2,Number 13 | Harkness Pathology
blood drinking,2,Crimson | Let me wrap my teeth around the world
blow jobs,2,I follow your perfume | I Sure Know Mating Calls
body horror,2,Serpent's Stone | Strangers On A Train
bottom agatha,2,start me up | The Oxwood
bratgatha,2,Couples Retreat | Ice Chips
butch4butch,2,this time you won’t leave me sinking | Put It On The Line
casual sex,2,The Thread Of Fate | Let Me Tell You What It Feels Like
celebrity crush,2,you'll just have to taste me (when she's kissin' you) | Thirst (Trap)
chef rio vidal,2,Ban All The Music | in the mirror of your eyes
child abuse,2,It'll All Work Out | Catch Me When I Fall for You
closeted character,2,The Happiest Season | rumors fly
collaring,2,I Tore You Apart In My Head | I Tore You Apart In My Head
coming in pants,2,One Happy Camper | cake by the pound
cottage core,2,"give me shelter, give me warmth | The Strawberry Thief"
cuddling & snuggling,2,All the Things We Could Do | Somebody to Hold
cute,2,Harkness | Going Viral
cuteness,2,Just Like a Tattoo | Pile o Bones
dark academia,2,"Scherzo | Tempus, Voluntas, Spatium"
day 2,2,I Now Pronounce You.... | The Birthday Gift
director rio vidal,2,Time Warp | Reaching Out For More
discussion of abortion,2,"Can't Be a Good Girl, Even If I Tried | Rules for Co-Parenting With Your Witch of an Ex"
doctor agatha harkness,2,"Can't Be a Good Girl, Even If I Tried | Triage of the Heart"
doctor rio vidal,2,"Naughty &amp; Nice | Can't Be a Good Girl, Even If I Tried"
doggy style,2,she looks like the real thing (she tastes like the real thing) | I Wanna Be Yours///You're All I Want
down bad rio vidal,2,Love me tender | Feel it Burn//Watch it Glow
drama,2,Happiest Season | albatross
drug addiction,2,A Tentative Ellipsis (the parting of your lips and the ache in your eyes) | I Didn't Ask For This
drummer rio vidal,2,Sweet Melody | You Make Loving Fun
early 20s agathario,2,But We Can't | Grave Mistakes
ejaculating strap,2,ask me nicely from your knees | 11:11
emotionally constipated agatha harkness,2,Triage of the Heart | Feel it Burn//Watch it Glow
enchanted strap,2,it's just in my nature | Rawr! Means I Love You in Dinosaur
enemies,2,Rawr! Means I Love You in Dinosaur | Growth &amp; Decay
enemies and lovers,2,"someday we will all be lying on our backs (free at last from income tax) | oh, but she burns"
engagement,2,Put It On The Line | Somebody to Hold
enigmatic agatha,2,I Tore You Apart In My Head | I Tore You Apart In My Head
everyone is morally grey,2,I Tore You Apart In My Head | I Tore You Apart In My Head
evgarverse,2,Secrets &amp; Suspenders | Too Sweet
extramarital affairs,2,albatross | don’t delete the kisses
family bonding,2,Love Persevering | Stay Small
family feels,2,Love Persevering | Going Viral
femme agatha,2,Too Sweet | Beauty and the Botanist
femme agatha harkness,2,One Happy Camper | cake by the pound
fights,2,"Take Me, Baby, Or Leave Me | Leaning Out for Love"
firefighter rio vidal,2,Triage of the Heart | When the Smoke Clears
florist rio vidal,2,Number 13 | Everlong
football | soccer,2,We're Never Done | We Go Again
forbidden love,2,Unlock Thy Hidden Gate | But We Can't
forest sex,2,"astonishment and joy | It's bloody and raw, but I swear it is sweet"
forgiveness,2,Point Proven | if we stay swimming here forever we will never be free
forgotten love,2,Would You Stay By My Side... | ...When I'm Working On Me
freak4freak,2,I Tore You Apart In My Head | I Tore You Apart In My Head
gags,2,God Knows You Need It | Wouldn't You Love to Love Her
genital piercings,2,walk-ins welcome | cake by the pound
girl penis,2,I Wanna Be Yours///You're All I Want | Primadonna
gp rio,2,I Wanna Be Yours///You're All I Want | Mirrorball
gp!rio vidal,2,"I follow your perfume | I see you, you're walking 'cross the campus"
guilt,2,All the Things We Could Do | Wouldn't You Love to Love Her
hair-pulling,2,Softball's A Witch | Couples Retreat
halloween,2,i'm leaving here with you | We Found Each Other in the Dark
handcuffs,2,But We Can't | I Sure Know Mating Calls
heartbreak,2,Fold Your Wings | Lost Time
hijinks & shenanigans,2,"love, offline | Rawr! Means I Love You in Dinosaur"
hook-up,2,Somebody to Hold | Chances Taken
how do i tag,2,I Was Your Starry Eyed Lover and the One That You Saw | night shift
hsau,2,Amor Prohibido | The Girl Next Door
i'm bad at tagging,2,Don't be afraid of me (I'm what you need) | Disdainfully hers
if this were a movie it would be a thriller,2,I Tore You Apart In My Head | I Tore You Apart In My Head
implied/referenced abuse,2,Harkness Pathology | War of Hearts
implied/referenced character death,2,For the Love of Spring | a different way to be
influencer!agatha,2,"Don't Handle Me with Care | I'll keep you safe, you have my word"
inspired by the white lotus (tv),2,"unsatisfied, i skip my pride | she looks like the real thing (she tastes like the real thing)"
instant attraction,2,Exceptions | Meetcute
internal conflict,2,Restraint | Ban All The Music
intrigue,2,I Tore You Apart In My Head | I Tore You Apart In My Head
kid fic,2,I Could Not Stop For Death | in the mirror of your eyes
kidnapping,2,I Still Shut My Eyes | Rawr! Means I Love You in Dinosaur
kinda,2,For the Love of Spring | Ri-0
kissing,2,udon know how much I crave you | You're Welcome to Try (You Wouldn't Be the First One to Fail)
knifeplay,2,"my love, mine, all mine | Number 13"
lawyer!agatha,2,"I'm Sorry, I Love You | Talk Me Through It"
lesbian romance,2,Here With You Now | My Side of the Story
light exhibitionism,2,Number 13 | Shatter Your Illusions
long distance lovers,2,Here With You Now | My Side of the Story
loser lesbian rio,2,start me up | When the Smoke Clears
love,2,Broken Deal | Roommates of Destruction
love bites,2,bitches i don't trust them (but they give me what i want for the night) | she looks like the real thing (she tastes like the real thing)
magic,2,By Blood and Bloom | War of Hearts
magic school,2,"Tempus, Voluntas, Spatium | Agatha All Along Week 2025"
marriage,2,"love, offline | Instantaneously"
marriage proposal,2,Catch Me When I Fall for You | Put It On The Line
massage,2,High Infidelity | Somebody to Hold
mating bites,2,I'm Yours | you're gonna kill me if you kiss it like that
mating cycles/in rut,2,I Sure Know Mating Calls | I Want Your Desire
mean agatha,2,You're awful. I love you! | Too Sweet
mean femme agatha harkness,2,what a terrifying work of art | cake by the pound
meet-cute,2,Vidal Books | Perfect Catch
mentions of blood,2,Wicked Witchcraft | And We'll Be Together (Forever &amp; Ever More)
mentions of past harkale,2,You're My Burial Ground | Let Me Tell You What It Feels Like
mildly dubious consent,2,"oh, but she burns | Rules for Co-Parenting With Your Witch of an Ex"
minor alice gulliver/jennifer kale,2,I Wanna Be Yours///You're All I Want | Women Like You / Women Like Me
mirror fic,2,Would You Stay By My Side... | ...When I'm Working On Me
misunderstandings,2,Silver Springs | 'til storm breaks loose
modern era,2,The World Reversed | into my arms
mommy issues,2,Scherzo | Bush League
murder as foreplay,2,You're My Burial Ground | Master of Restraint (with notable exceptions)
murder is kinda bad?,2,I Tore You Apart In My Head | I Tore You Apart In My Head
mystery,2,"The World Reversed | Tempus, Voluntas, Spatium"
neighbors,2,Not My Type | Peonies to Violets
neurodivergent rio vidal,2,The Easiest Part Has Always Been You | Don't be afraid of me (I'm what you need)
nicky lives,2,We Found Each Other in the Dark | I Now Pronounce You....
nipple piercings,2,A Tentative Ellipsis (the parting of your lips and the ache in your eyes) | I Wanna Be Yours///You're All I Want
no beta we die like agatha,2,The Heart of Death | Farewell To The Fairground
no gaslighting required,2,Here With You Now | My Side of the Story
no lesbians die,2,"It's just wild enough to work | oh, but she burns"
no magic,2,Somewhere Only We Know ~ A Professor AU | Is It Casual Now?
non-sexual intimacy,2,udon know how much I crave you | Somebody to Hold
non-traditional alpha/beta/omega dynamics,2,I follow your perfume | Serpent's Stone
nose riding,2,"i'm leaving here with you | unsatisfied, i skip my pride"
not beta read,2,but i love you just the same | How It Started
not between agatha and rio,2,A Tentative Ellipsis (the parting of your lips and the ache in your eyes) | Number 13
not evanora harkness friendly,2,Wrong Number | it had to be you
obsession,2,You're awful. I love you! | Obsessed
obsessive rio,2,I Tore You Apart In My Head | I Tore You Apart In My Head
occultism and rituals,2,Strangers On A Train | Don't be afraid of me (I'm what you need)
one night stands,2,alambre púa | when i kissed the teacher
overstimulation,2,walk-ins welcome | my safeword is safeword
packing,2,i let my head spin (take all the weight off my shoulders) | The Forgeries of Fools
paddling,2,Take it from the top (you are a bottom) | You're Welcome to Try (You Wouldn't Be the First One to Fail)
parenthood,2,I'll follow you down til' the sound of my voice will haunt you | in the mirror of your eyes
passive suicidal ideation,2,War of Hearts | Strangers On A Train
past abuse,2,Power Play | Somebody to Hold
past trauma,2,Triage of the Heart | it had to be you
pathetic rio vidal,2,"where art thou, why not uponeth me? | One Happy Camper"
pet names,2,"where art thou, why not uponeth me? | The Oxwood"
physical violence,2,Now We Drop Our Composure | Close Your Eyes To See
possessive agatha harkness,2,Number 13 | I Wanna Be Yours///You're All I Want
possessive rio vidal,2,I Wanna Be Yours///You're All I Want | Couples Retreat
post-divorce,2,"Take Me, Baby, Or Leave Me | 11:11"
pov alternating,2,"Somewhere Only We Know ~ A Professor AU | get you where you wanna go, if you know what i mean"
pov outsider,2,Story Time | to have the prize of the night
pov third person limited,2,family line | to be known well
power play,2,A Kingdom by the Night | alambre púa
pre-canon,2,to be known well | Strangers On A Train
pregnancy sex,2,Well I Wonder | you may not be mine (but i could be yours)
professors,2,Is It Casual Now? | Falling for the Enemy
pussy spanking,2,the case of the robbery gone wrong | breathe into me and make me real
references to depression,2,hopeless (breathless) burning slow | My Cries and Your Whispers
repressed lesbian agatha harkness,2,Pushing It Down and Praying | don’t delete the kisses
rio is 32,2,The Witches Bodyguard | Chances Taken
rio is 35,2,start me up | Wouldn't You Love to Love Her
rio is 40,2,The Bad Thing | when i kissed the teacher
rio is a florist,2,Rio Vidal Does Not Give a Damn | find yourself in someone (you were there all along)
rio is a simp,2,Scherzo | Inexplicable
rio makes bad choices,2,I Tore You Apart In My Head | I Tore You Apart In My Head
rio vidal genderfuckery,2,The Oxwood | Strangers On A Train
rio vidal is a brat,2,Rio’S Toxic Embrace | The art of keeping a secret
rio vidal needs a psych eval,2,I Tore You Apart In My Head | I Tore You Apart In My Head
rio vidal you are the father,2,"creator, you destroy me | Somewhere Only We Know ~ A Professor AU"
rivals,2,We're Never Done | Rawr! Means I Love You in Dinosaur
sa mention,2,I Tore You Apart In My Head | I Tore You Apart In My Head
safeword use,2,my safeword is safeword | Shatter Your Illusions
safewords,2,Blossoms and Birds | You're Welcome to Try (You Wouldn't Be the First One to Fail)
scars,2,my safeword is safeword | Somebody to Hold
sex magic,2,Rawr! Means I Love You in Dinosaur | Leaning Out for Love
sex work,2,Rented Hearts | The Best Little Whorehouse in Westview
shifter rio,2,Would You Stay By My Side... | ...When I'm Working On Me
short chapters,2,But We Can't | Grave Mistakes
smoking,2,Close Enough for Love | into my arms
soft agatha,2,Over a Bridge and Into Love | Wanna Take a Chance?
soft rio,2,Over a Bridge and Into Love | Wanna Take a Chance?
softball,2,Softball's A Witch | All Bases Loaded
soulmate-identifying marks,2,Close Enough for Love | War of Hearts
southern belle agatha,2,Would You Stay By My Side... | ...When I'm Working On Me
stabbing,2,Catch Me When I Fall for You | Got Me On My Knees (Have You Any Mercy?)
strap being called cock,2,start me up | alambre púa
strap sex,2,You're Welcome to Try (You Wouldn't Be the First One to Fail) | The Best Little Whorehouse in Westview
strap-sucking,2,God Knows You Need It | Couples Retreat
strippers & strip clubs,2,"Glitter, Glue, and Signs of Life | I Wanna Be Yours///You're All I Want"
substance abuse,2,the road not taken (among the wildflowers) | don’t delete the kisses
surgical depiction,2,Would You Stay By My Side... | ...When I'm Working On Me
switches,2,don’t delete the kisses | Talk Me Through It
switchy witches,2,A Tentative Ellipsis (the parting of your lips and the ache in your eyes) | Emergency Contact
the cutest codependency issues,2,Here With You Now | My Side of the Story
they deserved a chance to be happy in love,2,Here With You Now | My Side of the Story
they freak nasty,2,you got me looking so crazy right now | your kiss got me hoping you'll save me right now
they hate each other,2,I swear I’d be in peace if it wasn’t for you | All Bases Loaded
they/them rio vidal,2,feel the love of her caress (she will be your living end) | cake by the pound
tiktok,2,Going Viral | Dance Dance Riolution
time skips,2,Work and (Play Ball) | alambre púa
top/bottom versatile | switch agatha harkness/rio vidal,2,The Oxwood | I Sure Know Mating Calls
toxic in the way they just love bomb each other,2,Here With You Now | My Side of the Story
true love,2,Broken Deal | Chance to Fix
underage drinking,2,walk-ins welcome | All the Wild Horses
unhealthy coping mechanisms,2,"Death's Echo | Take Me, Baby, Or Leave Me"
unsafe sex,2,you're gonna kill me if you kiss it like that | Wouldn't You Love to Love Her
valentine's day,2,Ban All The Music | Talk Some Sense to Me
vampire!agatha,2,the devil you know | Agatha's Body
vampires,2,Agatha All Along Week 2025 | A new fangled feeling
veterinarian agatha,2,Would You Stay By My Side... | ...When I'm Working On Me
virgin rio,2,"I Am No Mother, I Am No Bride | Too Sweet"
weddings,2,You'd have to stop the world | juxtaposition in fate
werewolf rio vidal,2,Everlong | When the Wolfbane Blooms
werewolves,2,Everlong | Even anxious pups need the moon
wet dream,2,let loose your longing | dea pascit corvos
what if rio was a dog,2,Would You Stay By My Side... | ...When I'm Working On Me
wholesome central,2,Here With You Now | My Side of the Story
witches be switching,2,illicit affairs | udon know how much I crave you
young agatha harkness,2,Beneath the scars | dea pascit corvos
